Index,Probability_of_Failure,Operating temperature (Â°C),Vibration level (G),Speed (RPM),Dust level
592,0.9740571299989641,28.72203817,0.100751953,251.9978699,1
1438,0.9697096729175346,30.76784316,0.843125318,251.9978699,0
2928,0.9691379122720575,32.51122817,16.57920811,90.8415946,0
3096,0.968626625518123,20.72320761,0.100751953,251.9978699,0
2814,0.9686234982745662,39.88278722,0.100751953,251.9978699,0
3856,0.9685121446406505,39.88278722,2.584405896,251.9978699,0
4025,0.9684968440954153,30.38164424,0.100751953,251.9978699,0
4633,0.9679299662141089,31.78549348,2.417686113,251.9978699,1
2712,0.9673998113224554,20.72320761,0.100751953,251.9978699,0
4683,0.9672556867589052,22.1723881,0.100751953,251.9978699,0
3199,0.9664020095396162,20.72320761,0.100751953,251.9978699,1
2424,0.9663237712870155,30.85326942,0.100751953,251.9978699,0
4713,0.9663201797820805,39.88278722,16.21037722,251.9978699,2
1736,0.966239861521577,22.0711802,0.100751953,250.4455569,0
3423,0.9661528276646955,35.69372733,25.44917203,250.0077369,0
3183,0.9660767327254064,32.63880259,0.409468897,251.9978699,0
1801,0.9660474988734092,20.72320761,0.100751953,251.6520855,0
2072,0.9655313549810399,30.74153464,0.100751953,251.9978699,2
852,0.9653786244395275,20.72320761,1.141416014,251.9978699,1
2003,0.9647769963071416,35.43333069,0.222529523,251.9978699,2
299,0.9643900540803355,34.2560335,0.897749757,110.2666426,1
3987,0.9642156534624743,20.72320761,0.100751953,251.9978699,0
4031,0.9636325993668807,39.70120071,2.041149422,99.56892139,1
3173,0.9635858321047207,28.09802903,0.535770725,251.9978699,2
2272,0.9635628492449992,20.72320761,0.18376091,251.9978699,0
3606,0.9625819426449794,20.72320761,0.100751953,251.9978699,0
2326,0.9624342427472655,33.43953677,2.419949648,251.9978699,0
2624,0.9622182161063856,22.46879236,0.100751953,248.8459957,1
3949,0.9620620643144214,22.08802088,0.452256829,251.9978699,0
2193,0.9620283275527001,32.20135063,9.894607966,251.9978699,1
858,0.9614605741965315,30.4268471,0.100751953,251.9978699,1
1163,0.9614103616697403,36.35013281,1.570702105,251.9978699,1
1494,0.9613889726478001,20.72320761,0.100751953,251.9978699,0
1862,0.9609025833091599,26.39709201,0.155272943,251.9978699,1
63,0.9604149696750058,39.87356525,0.258132907,251.9978699,1
1810,0.9603649585329895,28.92006547,0.434278369,251.9978699,1
4850,0.9594446993505464,26.40041475,1.667956428,251.9978699,0
2263,0.9593048505452072,27.76321054,0.100751953,251.9978699,2
4490,0.9592228218184475,34.33866011,0.100751953,92.97641824,2
4694,0.9590649712069199,36.81446125,0.100751953,90.8415946,0
979,0.9589459643395083,35.13114278,0.100751953,251.9978699,1
2891,0.9588445598325775,37.62146741,24.39039136,251.9978699,1
1277,0.9587891570910987,31.87872573,2.031423428,251.9978699,1
2842,0.9586813947176793,31.33124561,0.100751953,251.9978699,1
3180,0.95835442293913,38.16024146,0.100751953,251.9978699,2
1563,0.9583024278037624,32.57925725,0.100751953,105.7644204,0
1987,0.9579988365135431,20.72320761,3.425461832,251.9978699,0
1795,0.9578198323114503,39.88278722,0.869387009,251.9978699,2
2291,0.9572012875068664,33.28375978,0.100751953,90.8415946,2
3029,0.9571678943566487,29.65371093,0.100751953,251.9978699,0
1477,0.9571127747945898,30.83795579,2.075369003,251.9978699,1
2385,0.9570250430030844,30.86906573,1.113765039,94.49559505,0
739,0.9566168326090346,39.88278722,0.100751953,251.9978699,0
1271,0.9565618886937989,20.72320761,0.690961352,251.9978699,0
1060,0.9565302006081988,20.72320761,0.100751953,251.9978699,1
362,0.9563925454274429,34.54483381,2.125416402,251.9978699,1
866,0.9559928562439174,22.63057878,2.428152153,251.9978699,1
59,0.9556027831756829,29.59196771,0.100751953,251.9978699,2
2747,0.9555035318791097,28.32264235,0.100751953,251.9978699,0
258,0.9554840002763711,20.72320761,0.100751953,247.4157426,2
2597,0.9552548912467934,34.55138085,1.273499363,251.9978699,1
1596,0.9549798049121238,29.14617032,0.100751953,251.9978699,1
2904,0.9549018635901136,28.880082,25.44917203,251.9978699,0
801,0.9548286959992717,28.43005586,0.100751953,251.9978699,0
262,0.954778416726689,33.14111415,0.100751953,251.9978699,1
4416,0.9542951743158171,20.72320761,0.208322762,251.9978699,1
2711,0.9541085318975071,39.88278722,0.100751953,251.9978699,1
3534,0.9538331793683961,31.73864234,0.100751953,251.9978699,0
4583,0.9536368759127049,36.36726892,2.093321461,251.9978699,0
1,0.9536321681599396,29.36690398,0.100751953,97.06812299,1
3655,0.9535765661246378,39.88278722,1.191983809,251.9978699,2
4,0.9535598370993649,36.46378459,0.100751953,251.9978699,2
4052,0.9534447947890309,21.16714736,0.100751953,90.8415946,1
2788,0.9534314725212812,33.7857021,0.100751953,251.9978699,1
2831,0.9531777617744571,20.98275242,0.100751953,251.9978699,1
2783,0.9531387788766209,23.65687424,0.100751953,251.9978699,2
4596,0.9530807567557328,39.67675619,0.16247443,251.9978699,0
2143,0.9527242918674448,25.34014043,0.100751953,90.8415946,0
1211,0.9524912842092353,37.32066461,0.100751953,100.1100396,0
790,0.9524692325361404,39.68651207,0.100751953,251.9978699,2
3408,0.952174759479985,34.79948887,1.913236605,251.9978699,0
4884,0.9521224280357113,20.72320761,21.9747502,251.9978699,2
3622,0.9519819667017044,31.68020088,0.100751953,251.9978699,1
3076,0.9517579523106323,33.3443215,0.100751953,251.9978699,2
3174,0.9515616085542241,28.63800465,0.100751953,251.9978699,1
1601,0.9515076837671712,23.99968408,0.100751953,251.9978699,1
2488,0.951411151287821,32.55287568,0.100751953,251.9978699,2
499,0.9513914298842594,28.82931669,0.100751953,251.9978699,1
1181,0.951342081118872,20.72320761,1.385180913,251.9978699,1
3715,0.9513349986665954,34.65927036,0.95509383,251.9978699,2
4548,0.9509591291739131,36.46809987,0.689871052,251.9978699,1
2866,0.950892102337463,39.88278722,0.100751953,251.9978699,2
3802,0.950890657170322,20.72320761,0.84762315,251.9978699,1
2802,0.9507970293173735,20.78666257,1.863256726,251.9978699,0
353,0.9507786396423638,24.04539802,0.100751953,251.9978699,2
1403,0.9507465347727333,29.05289697,0.730083638,95.77109796,0
4503,0.9505895553942195,34.95943793,0.100751953,251.9978699,1
4695,0.9505372288948442,22.33613504,0.568334186,105.8115329,1
4284,0.9502492219531997,30.14760908,2.683919649,90.8415946,2
3094,0.9501537042519832,28.34864329,0.100751953,251.9978699,0
2734,0.9500990285182223,26.03822221,2.287184724,90.8415946,2
3731,0.9500732356127971,20.72320761,1.791247848,251.9978699,0
1478,0.9499491531292704,39.88278722,2.04765302,251.9978699,0
2540,0.9499323808889222,31.46294272,0.229779814,96.42435027,2
1072,0.9499060491703427,34.3404538,14.23291754,90.8415946,1
510,0.9499032512837718,39.88278722,1.141677217,251.9978699,0
2719,0.9497462825363018,36.51203193,15.68197616,251.9978699,0
871,0.9497028223810923,34.80237749,0.100751953,107.7737473,0
2724,0.9496738705914454,39.88278722,0.182915059,251.9978699,0
1943,0.949582677576401,22.41637717,1.663682353,251.9978699,2
910,0.9494110326251982,27.58031705,0.100751953,251.9978699,0
4973,0.9493849448109373,26.70315986,0.100751953,251.9978699,0
3724,0.9493495471010241,39.88278722,25.44917203,99.52096525,1
3733,0.9492964886902225,20.72320761,1.898892733,251.9978699,1
3969,0.949165712777503,39.88278722,1.439660299,251.9978699,2
4422,0.9491416896349195,23.39990623,0.561702289,251.9978699,1
3000,0.9491210264153521,31.89075394,0.100751953,251.9978699,0
697,0.9490645288911419,39.88278722,1.63879428,90.8415946,0
257,0.9489755966637133,29.89716994,0.100751953,251.9978699,0
1175,0.9489037477783085,37.38460122,0.100751953,251.9978699,0
4621,0.9488866001628643,20.72320761,0.100751953,251.9978699,1
289,0.9487813704360479,28.05263584,0.591794208,251.9978699,0
3743,0.9487518457299045,38.14336594,0.536614922,115.7827168,0
2938,0.948710182184611,39.88278722,0.100751953,251.9978699,0
1726,0.9484718085280642,27.06977095,0.650195135,251.9978699,2
3973,0.9484507195361562,33.95330071,0.69250595,251.9978699,1
4603,0.9483384912730685,28.48783093,12.42653412,251.9978699,0
4851,0.9483205122722347,24.07345113,3.319512126,251.9978699,0
2116,0.9483056284642629,28.58970082,0.100751953,251.9978699,2
411,0.9481646469043716,26.88990327,0.100751953,251.9978699,0
656,0.9481493108916809,33.5210301,0.100751953,251.9978699,1
2085,0.9481389001719235,32.50500139,0.100751953,104.318595,1
3038,0.9480838206652309,30.01127477,0.100751953,251.9978699,2
1157,0.9480650583954308,35.499662,0.100751953,251.9978699,0
3978,0.948048720527099,29.39349295,0.100751953,251.9978699,0
1180,0.9480283579867456,23.80673151,0.100751953,251.9978699,1
1826,0.9479712567101443,31.72575852,1.073452597,106.7744142,2
332,0.9479331972651469,35.71683185,0.968803586,251.9978699,0
3746,0.9479261215322735,35.90772678,0.100751953,97.79287459,0
4426,0.9476857118135253,21.81281197,0.100751953,247.7660552,1
1776,0.9476692459332748,25.0424326,1.400118146,251.9978699,1
2532,0.9476498224745308,35.62588588,0.100751953,247.2725744,1
1692,0.947542722623441,39.88278722,2.136591159,98.41167616,1
1206,0.9474154914994374,33.87476304,0.100751953,251.9978699,0
860,0.9474154797147601,22.21087004,0.254426741,246.7128667,2
4219,0.947397752228401,39.88278722,0.100751953,251.9978699,0
1234,0.9473883042158825,20.72320761,0.100751953,251.9978699,0
516,0.9473520547473823,39.24808541,0.100751953,101.2300991,1
1194,0.9473482921513855,31.01009416,0.100751953,251.9978699,0
2472,0.9472658750219446,36.96062584,2.27503117,251.9978699,0
3194,0.9472296007679484,37.67390642,0.100751953,251.9978699,0
181,0.9470242945467281,36.45708491,0.100751953,251.9978699,2
2959,0.9469879129537623,33.05715189,0.578490624,251.9978699,1
2977,0.9469844872760262,29.00328907,0.100751953,103.8870944,2
1788,0.9469349740527279,39.67316052,2.248991811,101.5337739,0
2235,0.9469346582158181,33.7455901,0.100751953,90.8415946,0
2149,0.9469217259979996,31.67753542,0.153752272,251.9978699,2
4360,0.9468394479704072,39.88278722,0.100751953,251.9978699,1
2238,0.9467727425493516,24.50472224,0.100751953,247.8115928,0
3632,0.9467603213077885,35.89945576,24.67389333,117.306075,0
1525,0.9467077863339576,35.33389223,12.10933518,251.9978699,1
1269,0.9466747166694014,29.17119041,0.100751953,251.9978699,1
3706,0.9464988692314359,33.97415107,25.44917203,90.8415946,2
1845,0.9462961880988706,20.72320761,2.392177203,251.9978699,0
2209,0.9461242157614796,32.53416441,0.100751953,251.9978699,0
2833,0.9461086899362251,39.54187206,2.522424928,118.4242817,0
3703,0.9460439608343375,39.88278722,0.467053596,251.9978699,0
4540,0.9460278815944498,20.72320761,1.353521589,251.9978699,1
3337,0.9459069993698814,39.88278722,25.44917203,251.9978699,0
3461,0.9458883578267422,31.91385995,0.100751953,251.9978699,0
4318,0.9458322119230047,25.16722334,0.100751953,251.9978699,1
24,0.9457171666800313,25.18608782,0.100751953,90.8415946,0
35,0.945193343444024,20.72320761,0.100751953,248.2750075,0
4414,0.9451115099119268,27.26197864,0.496747071,251.9978699,1
1511,0.9450693498391051,26.29897908,0.100751953,90.8415946,0
246,0.9448861105022678,26.01621922,0.100751953,251.9978699,1
2811,0.9448604286800154,20.72320761,1.5448447,113.577651,1
1991,0.9448570427090517,37.92559263,0.746908979,93.3764645,2
3418,0.944784556341295,28.21819373,0.100751953,251.9978699,0
1727,0.9447555934004446,22.85549843,0.250944751,251.9978699,2
4481,0.9446770163922354,33.11938012,0.100751953,251.9978699,1
1488,0.9445870762702887,30.51527938,0.366698793,251.9978699,1
821,0.9445771483930049,39.88278722,0.100751953,251.9978699,0
3223,0.9444461395133564,20.72320761,0.100751953,251.9978699,0
2921,0.9444004500910473,35.54587326,0.100751953,251.9978699,0
4016,0.9443342454854541,20.72320761,0.100751953,251.9978699,2
2838,0.9442410732381618,39.88278722,0.365669155,251.9978699,1
3690,0.9439140271554551,27.72041198,0.100751953,251.9978699,0
627,0.9436978915813213,27.47476118,1.751464765,251.9978699,1
4780,0.9436481509164997,29.68264751,0.100751953,251.9978699,0
550,0.943368209246279,27.36336829,0.100751953,251.9978699,0
3428,0.9433465124057668,35.89443209,0.100751953,251.9978699,1
2469,0.9431499080088184,39.88278722,0.252712949,251.9978699,0
1658,0.9430260996225167,29.62710011,0.100751953,251.9978699,0
3111,0.9430252556583253,25.73674808,0.100751953,90.8415946,0
3436,0.9430073685785895,31.75427533,0.100751953,251.9978699,0
3373,0.9429907988300462,20.72320761,0.100751953,251.9978699,1
1519,0.9429536645038318,30.52064326,0.100751953,246.5450512,1
3723,0.9428827396714894,20.86687448,0.100751953,251.9978699,0
4608,0.9428676712919294,22.15733944,0.100751953,251.9978699,0
4526,0.9427711514569316,25.84343015,0.100751953,251.9978699,0
3874,0.9427700830779558,29.94174855,13.15901091,251.9978699,0
1003,0.9427540480938968,20.72320761,1.355103717,90.8415946,0
3484,0.9426748006979512,20.87311728,1.250382662,90.8415946,0
917,0.9425860216054297,26.53265366,0.100751953,98.73533587,0
1275,0.9425667838170112,25.82333808,0.100751953,90.8415946,0
3680,0.9425659866860473,28.38677648,0.100751953,90.8415946,0
2698,0.9425099936498474,25.87391953,0.100751953,94.14843172,2
958,0.9424004673519337,31.42228306,0.100751953,90.8415946,0
882,0.9422678337739733,39.88278722,25.44917203,251.9978699,0
2343,0.942213945344322,39.88278722,1.415031001,90.8415946,2
2390,0.9421490462389387,39.88278722,0.100751953,113.0423599,2
4962,0.9421365850886211,29.95258697,0.382272598,114.6982989,2
3246,0.9420413471450299,39.88278722,24.92265284,251.9978699,2
1106,0.9419814883047412,39.88278722,0.100751953,90.8415946,0
1956,0.9419793325838017,31.27376207,0.100751953,247.4124922,0
4847,0.941979108085154,24.98455399,0.100751953,251.9978699,2
1674,0.9419748181549213,34.60559448,0.100751953,251.9978699,1
3596,0.9419309695719406,26.18866201,16.68359228,251.9978699,2
2697,0.9419234591585702,31.24912927,0.100751953,251.9978699,0
4196,0.9419114321880068,39.88278722,1.915076585,251.9978699,0
2556,0.9418305356546975,39.23959115,0.100751953,251.9978699,2
4521,0.9418279150197062,39.88278722,0.100751953,251.9978699,0
2645,0.9418021676326053,22.25800991,0.100751953,251.9978699,0
2398,0.941743668913409,28.42145765,0.100751953,251.9978699,2
441,0.941664325094388,38.08103565,0.100751953,90.8415946,0
775,0.941596899734836,22.61819954,25.44917203,90.8415946,2
2473,0.9415707631934613,21.18845178,0.100751953,90.8415946,1
1576,0.9414635561457468,24.04685487,0.100751953,251.9978699,0
1341,0.9413685931509069,39.88278722,0.100751953,251.9978699,0
1809,0.9413353581112384,26.63056992,1.619537064,106.801297,0
1821,0.9413186930807091,27.7168677,0.641639695,102.0818153,0
167,0.9412162844887523,28.24218805,2.092412194,251.9978699,2
82,0.9411793563023328,20.72320761,0.100751953,251.9978699,1
2158,0.9408976288778449,39.88278722,0.100751953,90.8415946,2
1794,0.9408731482235474,20.72320761,0.978349636,251.9978699,1
3696,0.9408187279287339,23.464514,0.100751953,251.9978699,1
4637,0.9407054125943674,34.70074052,0.100751953,251.9978699,2
3366,0.9406773019473768,39.88278722,0.100751953,90.8415946,2
2128,0.9406448568147959,38.56198941,0.167928746,91.36511774,1
4901,0.9405746695210874,26.50168696,0.100751953,251.9978699,0
937,0.9405525835983449,39.88278722,25.44917203,251.9978699,0
2391,0.940549350885261,28.52354689,0.100751953,251.9978699,0
3691,0.9404620095436752,20.72320761,0.379317091,106.3396109,1
4191,0.9404608102042277,39.88278722,2.433693205,251.9978699,1
183,0.9404488948087458,21.81529563,0.100751953,251.9978699,0
4538,0.9404401263499503,25.28952467,1.306295984,90.8415946,2
4412,0.9404266089782957,39.88278722,1.147978169,251.9978699,0
867,0.940364266758534,24.55779434,0.100751953,251.9978699,2
1011,0.9403600136508771,39.88278722,0.100751953,251.9978699,2
4327,0.9403523859616222,33.11289242,0.100751953,251.9978699,2
2861,0.940311307068794,21.32290935,0.100751953,251.9978699,1
744,0.9402613057410281,37.65867196,0.100751953,251.9978699,0
2435,0.9401720334035626,32.22460784,0.875196468,117.7252466,2
1390,0.9401634069860846,20.72320761,0.100751953,251.9978699,0
355,0.9400751055593201,39.88278722,22.31547853,251.9978699,1
1901,0.9399538281827747,20.72320761,0.100751953,251.9978699,1
1217,0.9399469247780786,20.72320761,0.409011174,250.3934274,0
3290,0.9399439957771577,25.46206235,0.100751953,251.959469,0
2771,0.9398921856129162,37.11872243,0.323684124,251.9978699,0
2425,0.9398746138366215,27.85778991,0.371592052,251.9978699,2
4399,0.9398451151408446,31.39688276,1.106495927,251.9978699,0
409,0.9398358206347986,25.63427707,0.509617939,251.9978699,2
1446,0.9397320494893483,38.17952617,0.460516133,90.8415946,0
1302,0.9397272112239857,22.58326339,0.100751953,251.9978699,1
4895,0.9396925961728096,22.7080658,0.274894288,107.8135901,0
401,0.9396759182629063,31.71672489,0.100751953,251.9978699,2
1155,0.9395725711014234,32.24208373,0.100751953,251.9978699,1
4585,0.9395335772286226,24.12448574,0.42331583,251.9978699,0
2446,0.9395205368351843,24.69739698,23.96587521,99.5021327,0
4009,0.9395016425596147,38.70258089,1.164462849,247.1802667,2
456,0.9392902861063983,37.0248215,0.100751953,251.9978699,0
163,0.9392792388219587,32.08651025,0.100751953,105.0207872,0
2352,0.9392614759781206,25.73236356,0.100751953,251.9978699,2
879,0.9391900190884358,25.29260042,0.100751953,251.9978699,1
909,0.9391735165299079,22.16845679,1.580167231,90.8415946,2
1176,0.9391614163187544,21.6911058,0.100751953,108.6845658,0
3138,0.9390899296690352,31.73578052,0.100751953,251.9978699,2
2282,0.9389874401625447,37.70647339,0.100751953,90.8415946,1
4542,0.9388916467107994,31.35561919,0.100751953,110.8864919,0
1241,0.9387098499811101,39.88278722,0.100751953,96.88237553,1
4225,0.9386895393952651,26.457287,5.256632455,118.9123516,2
76,0.9386068104032569,20.72320761,1.517480647,251.9978699,1
1045,0.9385808354145401,39.88278722,25.44917203,107.9534629,0
3974,0.9384384566870053,27.71591041,0.100751953,90.8415946,0
3320,0.9383509992542743,39.88278722,0.100751953,246.3051791,2
878,0.9382124770406883,38.25187026,0.542960442,251.9978699,2
1252,0.938192596595913,30.92149968,0.576519874,251.9978699,0
180,0.9380391085056866,29.30896728,1.307204246,94.54438147,0
646,0.937966292780747,33.0490632,0.820163177,91.39206574,2
1830,0.9379407028863928,27.76687481,0.100751953,251.9978699,2
3243,0.9379308259838655,39.88278722,0.100751953,91.89625169,1
2299,0.93758991355335,27.55564145,1.860569638,90.8415946,1
4362,0.9375152565365376,36.21676733,0.100751953,94.28867201,1
1382,0.9374308308192968,24.86840379,0.100751953,90.8415946,0
2739,0.9373488704457963,30.82854835,3.422299473,117.0022527,0
1880,0.937263857713528,20.72320761,0.100751953,251.9978699,2
1643,0.9371606320019475,31.06227323,0.100751953,248.0904697,2
2490,0.9370188418883405,21.17032142,0.100751953,100.1789898,0
816,0.9369758057157941,33.68188401,25.44917203,90.8415946,0
1772,0.9369662079963789,34.89313671,19.97985587,251.9978699,1
1017,0.9368966076177986,30.591853,1.761637601,90.8415946,0
1949,0.936757514438025,25.4767619,0.100751953,93.82702795,0
3621,0.9367424517758586,36.44787126,1.115663912,95.73779613,1
961,0.936730117416204,26.04479767,0.100751953,251.9978699,2
3489,0.9367182721003099,39.88278722,1.743703237,251.9978699,1
1015,0.936569221453546,39.88278722,0.100751953,250.4234594,0
3254,0.9364313718135628,35.1169865,1.27714414,251.9978699,1
2877,0.936398201511312,25.77510648,0.100751953,251.9978699,1
859,0.9363363591221164,37.9729493,0.100751953,251.9978699,0
1312,0.936152091617993,28.86953695,25.44917203,106.8664634,2
1522,0.9361489731803271,37.93660426,1.442279532,90.8415946,1
1779,0.9359984205228544,31.00768238,0.100751953,251.9978699,1
1751,0.9359820074911392,20.72320761,0.100751953,98.79267857,1
467,0.9359049902642932,24.23148823,19.37992883,90.8415946,0
783,0.9358815627143828,25.73877193,0.100751953,251.9978699,1
3508,0.9357387706968207,39.88278722,0.884844511,251.9978699,2
1389,0.9356871006945044,31.8442455,0.989948952,251.9978699,1
439,0.9356785923901781,20.72320761,0.100751953,251.9978699,0
2592,0.9356299475958765,39.88278722,8.667784423,251.9978699,0
237,0.9355249018748869,34.64364828,24.31469965,251.9978699,2
2544,0.9353354095405245,32.48249171,25.44917203,90.8415946,1
3372,0.9352534321778573,36.38922429,0.100751953,96.30170862,1
2404,0.9350844104742405,20.72320761,2.366059098,251.9978699,1
2234,0.9350462703700592,32.13279381,0.546801414,251.9978699,2
1378,0.934857175057938,24.23611611,0.100751953,90.8415946,1
3055,0.9347283921890082,35.24667859,1.894352093,251.9978699,2
4329,0.9346921281685822,34.66293957,0.100751953,90.8415946,1
548,0.9346764097449157,31.17111893,2.173667216,107.9810795,1
4342,0.9344746104533703,39.88278722,17.71288868,251.9978699,0
2548,0.9342820332520163,29.46449855,0.100751953,90.8415946,2
1656,0.9342362602756101,36.19999059,1.060513339,251.9978699,1
212,0.9342218054807776,26.43576423,0.100751953,90.8415946,1
934,0.9341940471294308,24.21192536,0.100751953,251.9978699,1
4702,0.9341714571143754,36.74514155,2.567070673,110.0133897,1
3047,0.9341506323672739,32.36042331,0.100751953,97.23358793,1
242,0.9341263508064116,30.75450547,4.674906466,251.9978699,2
3933,0.9341253088560563,39.88278722,12.06866865,251.9978699,0
2901,0.9340829761486195,29.01132848,1.254063628,90.8415946,0
3756,0.9340582146795926,30.72416868,0.100751953,90.8415946,1
3160,0.9339648492738792,36.30221878,20.65498438,112.1818891,2
1364,0.9337100535471156,39.88278722,0.100751953,97.25201685,0
4594,0.9334454687348783,39.88278722,0.100751953,251.9978699,1
1800,0.9331618980178359,27.97556445,0.100751953,90.8415946,2
33,0.9330477859690559,20.72320761,0.100751953,251.9978699,0
3406,0.9330299473051028,36.42254346,0.100751953,250.3260884,0
1636,0.9329424055564256,20.72320761,0.100751953,90.8415946,1
1993,0.9328235031496374,36.98151416,1.540039659,90.8415946,2
4198,0.9327907365673411,34.40690547,0.100751953,90.8415946,1
3030,0.9326308689087863,34.76547018,0.100751953,113.1687878,0
1884,0.9326280159521069,39.88278722,0.330395929,251.9978699,0
217,0.9325473157617798,20.72320761,1.267339149,95.79769013,0
2746,0.9325081847338749,20.90207496,0.100751953,251.9978699,2
2714,0.9324678862420012,37.70059107,0.100751953,251.9978699,0
507,0.9323830167482078,31.52785952,0.100751953,251.9978699,0
3517,0.9322482694887076,36.04676492,0.8372759,251.9978699,0
4777,0.9322240600166792,29.33133025,12.44327157,251.9978699,0
1490,0.9321923745640652,21.6370248,0.100751953,251.9978699,0
748,0.9321422387735003,31.66483836,0.827872221,251.9978699,1
152,0.9320698044194425,33.73486195,10.32755046,251.9978699,0
2246,0.932058653269376,27.71090499,0.100751953,90.8415946,2
340,0.9319719716683608,39.88278722,0.100751953,105.3048959,0
1459,0.9318407765422294,39.88278722,0.495627619,90.8415946,0
4529,0.9318377423488761,30.32493941,0.100751953,103.264988,1
418,0.9317696780145869,32.09345307,0.771358753,109.4006276,0
1566,0.9317391883730094,36.39270078,1.105897204,251.9978699,1
3152,0.9316400321624073,25.76883113,24.19570559,101.6535666,0
2409,0.9316184014241946,37.70273246,0.100751953,251.9978699,2
1338,0.9313713543649415,39.88278722,0.100751953,251.9978699,1
4916,0.9311656094177513,29.25605349,0.100751953,98.98780794,0
7,0.931157243214019,31.55092002,0.100751953,251.9978699,2
4614,0.9311500977515642,22.25671688,0.100751953,90.8415946,0
3619,0.9309801786497878,39.0521695,1.021641366,251.9978699,1
3014,0.9309469658166544,33.73746209,0.100751953,114.5963537,0
3339,0.9307939915129388,20.72320761,0.100751953,90.8415946,2
2563,0.9307308005234335,34.33556253,25.44917203,99.38616479,1
4788,0.9307039618304946,35.27512061,15.17115218,90.8415946,0
2827,0.9306240224010706,20.72320761,21.65982516,251.9978699,2
182,0.9304166999458047,39.88278722,0.100751953,90.8415946,0
3297,0.9303537934402927,20.72320761,0.100751953,251.9978699,2
451,0.9303427342358508,20.72320761,0.100751953,251.1317228,0
1570,0.9302909913591647,33.04360813,2.167324461,94.72841952,0
2400,0.9302837619562764,30.91078024,10.63609336,90.8415946,0
3458,0.9302809679955703,24.90114729,25.44917203,105.7616164,0
49,0.9302039889126714,37.28590419,25.44917203,107.3502041,0
700,0.9301715226641095,32.30638055,0.258012966,111.761502,1
2744,0.9301431619725992,20.72320761,0.100751953,101.2831973,0
325,0.9298608156817978,39.88278722,0.100751953,115.3694545,0
4646,0.9298529744290128,34.47158453,0.784006272,92.36695207,1
1143,0.929834631860723,32.17906984,0.100751953,90.8415946,1
1320,0.9298074579189732,39.88278722,0.100751953,251.9978699,0
1384,0.9297578513121444,24.72683902,0.100751953,104.7297711,0
1668,0.9294830792195249,37.24610624,0.100751953,90.8415946,1
1686,0.9294395185567542,20.80875769,0.100751953,90.8415946,1
3140,0.9294354110190013,21.81086073,0.19332759,90.8415946,2
2431,0.9293957545803458,35.2166523,1.067699349,251.9978699,0
3197,0.9293764093172624,29.21556076,0.100751953,251.9978699,0
1028,0.9293375464753252,32.95484641,0.522596968,90.8415946,0
2493,0.9292553735522692,24.17271218,0.100751953,251.9978699,2
3420,0.9292337582745208,39.88278722,0.100751953,251.9978699,0
3662,0.9292261731742465,31.77683925,25.44917203,103.7915613,2
3202,0.9292256441636447,23.36805993,0.100751953,90.8415946,0
3850,0.9289749771670062,39.88278722,1.047364483,103.1899188,0
2943,0.928951302644427,33.31040109,2.114518766,251.9978699,2
1859,0.928756515912045,27.25715149,0.627996078,251.9978699,2
4993,0.9287380213642854,23.77084363,1.660775194,90.8415946,0
1512,0.928737038509022,39.88278722,17.48568619,90.8415946,0
3251,0.9287200781619639,25.92644987,0.100751953,251.9978699,0
3065,0.9283366656650301,31.4603612,2.255392872,111.7472312,0
4983,0.9282570214377962,31.35927343,0.100751953,99.20549844,0
1829,0.9282466611063874,25.10958501,0.100751953,251.9978699,0
3273,0.9282412834188968,20.72320761,0.100751953,251.9978699,0
207,0.9281260598533049,38.65384807,1.878218337,107.6726416,0
2112,0.9280870998666416,20.72320761,0.100751953,251.9978699,1
4592,0.9280828641215262,20.72320761,0.100751953,251.9978699,2
4326,0.9280109266094921,24.86511378,0.545472551,90.8415946,1
3092,0.9279649130743809,32.63492125,2.118119143,103.0956089,1
585,0.9278295337731285,36.8043343,1.010135875,251.9978699,0
3334,0.9277860605001548,37.40877592,11.37798703,90.8415946,2
3679,0.9276911299786632,35.38840242,0.100751953,95.25933253,1
3042,0.9276395761544065,20.98025831,2.215203324,251.9978699,0
107,0.9275978096897859,38.31208953,1.71925983,251.9978699,1
4721,0.927590692636813,39.88278722,1.755307077,103.4468864,0
392,0.9275275653485865,39.88278722,0.100751953,251.9978699,0
3285,0.9274272628745629,39.88278722,0.100751953,90.8415946,0
1565,0.9273996496126348,29.95411184,0.100751953,251.9978699,1
600,0.9273049213514666,35.33738432,1.377735208,251.9978699,0
1568,0.9272743293102259,20.72320761,12.35079471,90.8415946,1
500,0.9272125723299466,23.89425294,0.100751953,101.3978362,1
3583,0.9271963537398745,34.95506215,0.100751953,96.90043932,0
241,0.9271792220976828,30.1011456,0.100751953,106.6442674,0
1791,0.92702083117749,25.24246118,0.100751953,251.9978699,1
3308,0.9268495398622706,39.88278722,0.100751953,90.8415946,0
452,0.9267318859948429,32.22177313,0.100751953,251.9978699,0
4965,0.9265537997477771,29.93293318,0.100751953,90.8415946,0
4906,0.9265356679556286,31.13404148,1.403879282,251.9978699,0
2070,0.9262622053897539,38.47483443,0.100751953,90.8415946,0
4868,0.926204391590325,29.07643741,0.100751953,90.8415946,1
1349,0.9261993126046404,24.2177187,1.139088561,104.9244842,0
2679,0.9257724877020085,37.85464088,0.76646053,90.8415946,0
2437,0.9257424188145317,24.89106284,20.13980252,103.8955042,0
3531,0.9257379377163072,26.24835532,1.31094913,251.9978699,0
1192,0.9256945103475686,20.72320761,0.602822278,251.9978699,0
309,0.9255692752800403,27.82328105,0.100751953,90.8415946,0
2211,0.9255399557024339,31.85884156,2.58622309,106.2949179,1
3206,0.9255090237998815,20.72320761,0.100751953,251.9978699,2
2743,0.925489413796187,21.92791326,0.100751953,116.0593583,2
1505,0.9254700319972359,39.88278722,0.100751953,251.9978699,1
4770,0.9254347392187939,25.52040056,2.393340468,92.79823399,0
3131,0.9253661090682762,28.04969079,0.100751953,101.4161628,0
3652,0.9252253786238883,23.79044683,0.100751953,251.9978699,0
3541,0.9251659933171462,28.90512629,0.100751953,90.8415946,0
1613,0.9251511810765908,27.55774166,0.100751953,106.5306309,2
4407,0.9250638047126197,34.66734003,0.63294802,251.8091931,2
2115,0.9250341200125122,35.6597523,0.100751953,90.8415946,1
2020,0.9249686055561949,25.10584458,0.552324476,251.9978699,1
2557,0.9249346819389177,28.28742296,0.100751953,103.1430149,0
4104,0.9249014438081824,39.88278722,0.100751953,107.3581929,0
347,0.9247528873456835,20.72320761,0.100751953,115.9671689,0
4970,0.924652661735173,26.14649187,0.100751953,251.9978699,0
3421,0.9246513565398701,39.88278722,0.100751953,90.8415946,2
3539,0.9246478536771554,30.87594418,0.100751953,110.5276351,1
4003,0.9245767203776886,20.72320761,0.100751953,101.4563441,0
1164,0.9245274929455682,39.88278722,1.138470068,251.9978699,0
4173,0.9243445707139947,28.02116462,0.100751953,90.8415946,0
1303,0.9242862751208744,34.90104365,0.551621226,90.8415946,0
2188,0.9241700152627433,39.88278722,0.100751953,114.2084707,0
2818,0.9241610152136062,35.82136366,0.100751953,251.9978699,1
2663,0.9241003886165527,28.93254162,0.100751953,90.8415946,2
2220,0.924026928582886,39.88278722,0.100751953,251.9978699,2
3488,0.9240007925345939,37.96845744,0.563026482,105.714822,2
1080,0.9239821694102422,33.43881436,0.100751953,114.7861235,2
543,0.92391410595507,33.79973778,0.791316517,101.172354,0
1354,0.9238327284755717,38.61543768,1.712519658,90.8415946,0
4732,0.923805727519215,33.45482715,1.560203226,90.8415946,2
3614,0.9237975786028216,37.01098531,0.100751953,99.32199564,0
4914,0.9237562648093393,20.72320761,0.100751953,95.36479881,2
4248,0.9236830614862432,31.19100997,17.26282937,248.6555597,0
3051,0.9236702098201578,39.88278722,0.100751953,90.8415946,0
1715,0.923549868891254,28.72116473,2.191157082,90.8415946,1
421,0.9234894051993877,23.4618789,0.100751953,251.9978699,2
3093,0.9234090794903546,30.33768766,0.123347715,251.9978699,2
3318,0.9233834581690751,39.88278722,0.100751953,251.9978699,1
981,0.9230289073862168,39.88278722,0.100751953,251.9978699,0
1114,0.9230194274756792,31.49491996,0.100751953,251.9978699,2
4271,0.9229415971393223,29.15842585,0.100751953,251.9978699,0
2517,0.9228422978923106,28.18204354,0.100751953,251.9978699,0
1267,0.9228327453679137,26.72350872,1.697566592,90.8415946,2
509,0.9228024648163128,26.22566919,0.56636708,104.8726151,2
3322,0.9226364612263588,32.00277407,0.100751953,90.8415946,0
2148,0.9224928831813376,32.29717945,1.251501193,251.9978699,0
2293,0.9221816825612669,36.12606829,0.120089674,251.9978699,2
2565,0.9220868974195778,37.76621157,0.100751953,251.9978699,0
2649,0.9220217533570887,35.78200559,25.44917203,105.6764536,1
286,0.9219754402964301,39.88278722,0.100751953,90.8415946,0
2996,0.9218663673121829,39.88278722,0.100751953,90.8415946,0
1759,0.9218436893967961,33.18232837,1.579855932,90.8415946,2
2439,0.9218211881940008,27.68625983,0.122001092,99.39264422,0
1805,0.9216824541623101,23.22642197,0.100751953,115.5505505,2
404,0.9216628853432617,27.58814407,0.100751953,251.9978699,1
72,0.921642084277908,28.91978295,0.100751953,90.8415946,0
2470,0.9215968980072614,39.88278722,0.100751953,109.355096,2
1960,0.9215490179799642,28.82543908,0.100751953,111.9933857,0
1873,0.92154784400625,30.83352604,0.100751953,113.5664913,0
1577,0.9215075410061492,37.55265452,0.100751953,108.4460052,0
556,0.9214854651899178,28.47979515,1.910836689,251.9978699,0
3470,0.9212898030341713,20.72320761,0.240530309,107.220389,1
3294,0.9212438317795545,39.88278722,0.100751953,90.8415946,0
4229,0.9211983153595146,30.90579243,0.100751953,251.9978699,2
399,0.9210555595150131,31.52527932,0.362072791,90.8415946,2
2542,0.9209689691066041,31.10311179,13.82061966,112.1670379,0
2120,0.9207575746983695,32.42208809,0.100751953,93.44571622,2
1014,0.9206813424958833,30.38586813,0.296656376,90.8415946,0
48,0.9206785619438969,20.72320761,0.100751953,105.9259022,0
2453,0.9205245411317713,27.85407719,0.286004992,108.9371276,2
855,0.9204552088988928,39.88278722,15.52450305,95.80883958,2
3411,0.9203767778015504,20.78353699,0.100751953,90.8415946,1
4441,0.9203391511369222,26.69988626,0.100751953,105.6383585,0
2578,0.9203003462776546,37.27946915,0.100751953,90.8415946,1
3903,0.9202627806661668,31.18899642,0.100751953,111.6060016,1
4484,0.9202466248919752,31.34386536,0.100751953,251.9978699,2
1318,0.9201893412080685,39.21462074,0.100751953,90.8415946,1
1036,0.9200885579974941,36.58997766,0.100751953,251.9978699,1
2955,0.9200305865768982,32.8990918,20.90341795,90.8415946,1
2703,0.9199786585009836,21.20977292,0.100751953,90.8415946,1
3430,0.9199239479647415,39.88278722,0.367632276,101.1528785,1
2787,0.9197508210399761,30.30400295,0.100751953,90.8415946,0
2191,0.9197381998911894,26.03506093,0.100751953,90.8415946,2
255,0.919674270010192,28.17914405,16.83404471,112.963302,0
1716,0.9196326146299098,20.72320761,0.100751953,90.90007116,0
3455,0.9194021312258331,25.82136521,0.100751953,251.9978699,0
2579,0.9191325116342871,28.34335521,0.100751953,115.2276292,0
1089,0.9190576892848261,29.85811253,25.44917203,251.9978699,0
3313,0.9189850504676147,32.37423401,0.100751953,251.9978699,0
2395,0.9187965298849118,30.30476565,1.537212351,251.9978699,0
197,0.9187651216695175,21.0298739,0.100751953,251.9978699,0
2919,0.9186884584188406,39.88278722,1.267023242,246.7827229,0
4560,0.918592557745551,20.72320761,25.44917203,246.3271649,1
1227,0.9185134595904083,35.21287226,0.949277376,90.8415946,0
2254,0.9184600050254251,21.16231043,0.100751953,251.9978699,0
2652,0.9184442792010649,20.72320761,0.100751953,90.8415946,2
3728,0.9182592604275955,20.72320761,0.100751953,101.513917,0
671,0.9180343586965712,30.52812801,0.100751953,251.9978699,0
121,0.9180147042002322,32.76787265,0.100751953,251.9978699,0
2062,0.9180039276540923,39.88278722,0.240167705,92.56077671,0
3530,0.9179639271154504,26.4451338,0.100751953,251.9978699,0
846,0.9178527876957198,32.76570242,0.100751953,251.9978699,0
4112,0.9178396041755739,37.38037365,0.259804604,94.42078395,1
4528,0.9178204266747687,24.78906471,0.166899097,90.8415946,0
3376,0.9176144101299162,39.19955666,0.100751953,251.9978699,0
1605,0.9176106888307372,39.88278722,2.079135249,251.9978699,1
1468,0.9175273436491578,27.03890476,0.911216195,251.9978699,0
1696,0.9173977595518283,25.21983266,0.100751953,251.9978699,2
370,0.9173840518832147,28.32343312,0.100751953,104.5336651,0
2180,0.9172114969327394,22.8362957,0.100751953,90.8415946,1
3039,0.9171806409522011,36.88091802,0.100751953,103.8939255,1
1439,0.9171329856615245,35.61033439,0.100751953,90.8415946,0
2362,0.9171280399263803,28.41282398,0.100751953,112.7695774,0
1750,0.9170277705742191,20.72320761,0.100751953,251.9978699,0
173,0.9168665807456972,33.63735862,0.351755612,96.82554449,0
1102,0.9167659332509684,21.58582114,0.100751953,251.9978699,0
2416,0.9166792191555158,36.35938382,0.100751953,90.8415946,0
1593,0.9166685506601574,30.60846271,0.100751953,111.7384889,1
4212,0.9166193129414735,24.99139611,0.100751953,251.9978699,1
2677,0.9163926928560618,32.00895532,0.100751953,251.9978699,2
4854,0.9162218693560898,39.88278722,0.100751953,251.9978699,0
1196,0.9161818626316025,28.34643411,0.100751953,90.8415946,1
1167,0.9161505785674509,32.26892846,0.100751953,90.8415946,0
4478,0.9161450202137499,36.20573774,0.100751953,101.0317896,2
3033,0.9161256695206056,20.72320761,1.564167929,90.8415946,0
3034,0.9161236249174101,20.72320761,1.387301531,90.8415946,1
1517,0.9161029492865271,24.78236304,25.44917203,114.6550604,0
4331,0.9160481250169273,35.42422518,0.100751953,114.0748005,2
3904,0.915958669599842,36.27630336,0.100751953,245.9084569,0
4649,0.9156305701631221,39.88278722,0.100751953,90.8415946,2
3815,0.9154730255854848,25.79444818,0.100751953,251.9978699,0
4053,0.9154309357374927,28.68240717,0.492289324,251.9978699,1
423,0.9153421398989249,36.13037447,25.44917203,251.9978699,2
3232,0.9151039278485928,34.02681151,1.106347817,90.8415946,1
2320,0.9150478320694923,20.72320761,0.492180598,113.7101479,1
3784,0.9150316972387468,34.07621513,0.100751953,251.9978699,0
3582,0.9149767744108593,20.72320761,0.100751953,250.4414588,1
2426,0.9149757240113282,34.99699002,0.100751953,251.9978699,1
1752,0.9149743878562902,32.92206787,9.444612845,251.9978699,1
2100,0.9149737063766477,20.72320761,0.100751953,251.9978699,0
3314,0.9149634443108391,32.7472481,24.64594567,105.0958983,2
1502,0.9147373157217831,27.95984385,0.100751953,251.9978699,1
525,0.9146210664524536,39.88278722,0.855720354,93.33189853,0
4564,0.914600895558182,34.46085315,0.100751953,90.8415946,0
1611,0.9144519581710195,35.8398309,1.898355248,107.4539016,1
3402,0.9144121625880559,28.61487217,0.874656554,90.88881938,1
2091,0.9142635185469228,38.6744889,0.100751953,96.71162193,1
2906,0.9141735884013723,24.12436744,1.00533797,111.8641135,0
4667,0.9141380231657292,27.13039111,0.704296278,90.8415946,2
4985,0.9140460520597484,36.9441734,2.11421752,90.8415946,2
36,0.9139812023411942,21.24682936,0.100751953,248.8952036,0
4263,0.9138586789756983,39.88278722,1.795518238,98.25484193,1
1635,0.9138418195506931,33.53078708,0.939387314,111.0426135,2
2573,0.913616504911015,39.88278722,0.100751953,108.8202443,2
1421,0.9135951553696419,22.2740624,0.100751953,90.8415946,0
1910,0.9134433140377115,21.51515146,0.100751953,90.8415946,0
4535,0.9133930473399063,39.88278722,1.956369921,251.9978699,1
3082,0.913260292283726,35.99553953,25.44917203,251.9978699,2
324,0.9131408735894212,31.83861871,0.165009723,98.12349699,2
3127,0.9128811695565857,30.3101162,0.100751953,93.79793797,0
1820,0.9127802478812828,33.58583257,0.100751953,90.8415946,0
3883,0.9127150418175943,39.88278722,0.748758132,103.4257783,0
1105,0.9126824421007048,20.72320761,0.712931082,104.2017792,0
151,0.9126820494869943,36.52711062,0.738548352,251.9978699,0
2346,0.9122000461546942,23.11388525,1.750709974,251.9978699,2
4008,0.9121255992647335,21.15991787,0.307167709,90.8415946,0
4376,0.9121000174138115,20.72320761,0.100751953,251.9978699,2
3934,0.9120854430838792,36.74571287,0.100751953,106.595802,2
4222,0.9119323264497838,36.36787454,1.061389684,116.4644881,0
4162,0.9117443362771906,33.996992,0.100751953,108.9717422,2
2082,0.9117200396843338,39.88278722,0.206669835,251.9978699,1
2924,0.9114893766087143,38.27507582,0.100751953,90.8415946,2
3613,0.9114184232086142,24.3816485,1.658399182,112.6935003,0
3182,0.9114030832724396,39.61100047,0.100751953,117.5560635,2
891,0.9112038111269195,24.24970928,2.569601275,110.5890455,2
4226,0.9109756138189778,20.72320761,1.303552014,251.9978699,2
1823,0.9109677060148726,27.6225125,1.355426995,90.8415946,2
4276,0.9109361886284385,25.00175724,0.100751953,110.9339703,0
2186,0.9107972824108194,31.3383,0.100751953,90.8415946,0
3235,0.9106141631269135,36.90748389,1.096539307,101.2227056,0
4982,0.9104753826408943,26.16237383,2.368595731,114.4357053,2
3651,0.9102563400115283,34.91094486,0.100751953,251.9978699,0
2571,0.9102499156271744,39.88278722,0.100751953,90.8415946,1
1900,0.9101615779931992,39.88278722,2.100803523,110.417786,1
193,0.9100758289757814,30.86243636,0.100751953,251.9978699,1
1977,0.9099543849299252,35.74785614,3.619458507,90.8415946,0
281,0.9097766466104152,39.628785,0.100751953,105.1416078,1
3448,0.9097643317868771,37.32107333,0.100751953,251.9978699,0
4405,0.9097028747881787,32.20860248,0.100751953,90.8415946,2
470,0.9096862934999389,38.27100766,0.100751953,110.4352347,0
4950,0.9094919019663926,29.37520997,0.100751953,251.9978699,1
4449,0.9093964560491984,20.72320761,1.991076053,107.4341633,0
3057,0.9093420068167934,29.52216428,0.100751953,251.9978699,0
3971,0.9091995200880504,24.02238545,0.731057494,90.8415946,1
1849,0.9091698846088474,24.5981078,20.45138826,248.4070594,1
2745,0.909053057194391,25.51889512,0.889750944,100.0975157,2
947,0.908766660503522,25.17508549,7.805646334,90.8415946,2
4272,0.9087367406207462,33.54462935,1.58806648,108.4227888,2
1030,0.9085670582394524,23.59618748,0.100751953,96.61538174,0
4154,0.9083896493203985,35.25172365,2.041122782,111.5413457,0
1541,0.9083611416004413,27.2129276,0.100751953,251.9978699,0
729,0.9080632859707064,26.38770158,0.100751953,104.8596737,1
4128,0.9079879837456307,23.52152693,0.100751953,117.6504065,0
177,0.9079065644709918,39.88278722,0.100751953,251.9978699,1
946,0.9077951554901921,20.72320761,0.100751953,247.4404858,0
1848,0.9076349990289523,29.66642415,0.100751953,103.4251387,2
2025,0.9076305795593128,39.88278722,1.47198662,109.0517514,0
218,0.9074589305597862,25.57677098,0.100751953,90.8415946,2
4092,0.9073268818753242,26.17886548,0.100751953,251.9978699,0
675,0.9072506698662393,35.03213825,1.910362201,251.9978699,0
1482,0.907112636327383,38.72448707,1.111598262,251.9978699,1
1898,0.9070882264812528,39.88278722,2.667307719,251.9978699,0
3962,0.90707358601358,25.35401748,0.100751953,92.35363397,1
1441,0.9068397277302355,37.42643781,0.185165765,248.7784905,1
2520,0.9067439210435698,31.47096368,0.100751953,112.9642521,0
3069,0.906574234465351,39.88278722,0.100751953,90.8415946,0
2531,0.9064931106970734,33.22050862,0.100751953,251.9978699,0
1040,0.9064848991428828,24.87603105,0.199694283,96.32968226,1
4877,0.9063784550645974,39.88278722,8.278384646,251.9978699,0
3656,0.9063617178693697,33.94425042,0.100751953,251.9978699,0
120,0.9063374282061764,20.72320761,0.100751953,90.8415946,2
3164,0.906324689283505,39.88278722,0.100751953,119.9275036,1
2008,0.9062402843946571,33.21068095,0.100751953,108.3335269,2
4933,0.9062251298540861,39.88278722,1.504132663,251.9978699,2
915,0.9061769892240937,37.47663429,0.100751953,251.9978699,0
1730,0.9059271046879687,30.97607303,0.100751953,110.1717981,0
4671,0.9059090096558616,34.4060688,0.100751953,109.8053371,0
3040,0.9058660534461024,30.28594865,0.100751953,90.8415946,1
2853,0.9058217941794514,27.70764888,0.100751953,111.2870386,0
2596,0.9057247201674626,22.19914672,0.100751953,90.8415946,0
3737,0.9055428917997802,25.79554264,0.100751953,95.10437514,1
4889,0.9053149590396358,22.13046004,0.100751953,251.9978699,0
757,0.9050556763929215,21.66536271,0.100751953,90.8415946,2
2279,0.9047451740261122,39.88278722,0.100751953,251.9978699,2
2451,0.9047032181309854,24.49707906,0.100751953,94.32292041,0
3777,0.9045495843839442,27.90773347,0.121505347,251.9978699,0
1891,0.9044012272864629,24.37000241,0.100751953,246.6097578,1
2881,0.9041343450413409,27.08698644,0.667961451,94.80884721,1
3964,0.9040831224399836,35.14726026,22.72762589,251.9978699,0
1861,0.9040612822113318,20.72320761,0.100751953,90.8415946,1
589,0.9038443107433735,35.0414803,2.148756777,90.8415946,2
853,0.9037832060765979,22.32477313,2.212279159,251.9978699,0
3352,0.9037703454436211,23.58824941,0.100751953,251.9978699,1
4880,0.9037248860317607,20.72320761,0.100751953,251.9978699,0
90,0.9036572492673519,20.72320761,0.100751953,251.9978699,1
4483,0.9036166839617435,29.7752589,0.100751953,251.9978699,0
1369,0.9036117190936443,37.77575875,0.100751953,248.8954986,2
1769,0.9036070074399638,35.507339,0.100751953,113.8657937,2
1936,0.9034752096103587,32.49235786,0.100751953,104.6683399,0
2145,0.9034732132134571,27.23304065,0.100751953,251.9978699,2
3647,0.9031955745209724,39.88278722,0.100751953,90.8415946,0
3490,0.9030774211857016,25.12175007,0.100751953,106.3616937,0
4257,0.9029189109493793,35.8682732,0.100751953,90.8415946,1
2591,0.9028598003155673,23.17417936,1.550666893,94.69746433,1
1533,0.9028546795775393,31.4867092,0.100751953,102.5138876,2
251,0.9026771952732483,39.88278722,0.100751953,251.9978699,1
2314,0.9026078776456222,26.73984759,0.100751953,90.8415946,2
2801,0.9025364942628175,27.67607814,0.100751953,102.3441701,1
845,0.9025108054151071,25.31585127,0.100751953,100.9694056,2
2918,0.9024937121701244,35.55389888,0.100751953,251.9978699,0
1817,0.9022826765497151,38.49633121,0.100751953,90.8415946,0
695,0.9021390500384481,35.84010478,0.522433297,114.6472402,0
2105,0.9020357427269569,36.10251618,18.54996385,251.9978699,1
3147,0.9020017934837036,31.55439143,1.571063332,108.4505188,0
1021,0.9018136567051633,26.09451497,0.100751953,117.5199376,2
83,0.9017714799353146,32.15005955,0.100751953,90.8415946,1
966,0.9017438931333764,30.63615204,1.971835842,115.0934788,2
85,0.9016995601493866,25.84729414,0.100751953,90.8415946,0
2759,0.9016496333360021,35.61956876,0.161219412,251.9978699,0
1689,0.9015332240564761,20.72320761,0.100751953,251.9978699,1
560,0.9014850621146526,23.57525061,0.100751953,105.425777,0
4727,0.9005222881218145,31.29293669,0.100751953,251.9978699,0
2727,0.9003262371361131,39.05532487,0.100751953,251.9978699,1
4598,0.9003034081187975,20.72320761,0.100751953,115.6058885,2
491,0.9000028935147618,20.72320761,0.100751953,90.8415946,0
624,0.8999823691431666,31.13856886,0.100751953,90.8415946,2
4547,0.8996336049645434,20.72320761,0.100751953,99.94142565,0
2576,0.8992565680560377,39.88278722,0.100751953,109.51562,0
2368,0.8988959236941891,36.76308876,2.192563121,251.9978699,2
4799,0.898783255500453,39.88278722,0.100751953,251.9978699,1
1824,0.8987115715649702,28.67484774,0.100751953,90.8415946,0
434,0.8986817188416426,31.086097,0.100751953,90.8415946,1
1931,0.8986419335094985,27.03968298,0.100751953,90.8415946,2
1361,0.8983171974630989,29.59821978,1.466325858,114.13744,0
1472,0.8982750974099244,28.77025604,0.693413961,102.5045978,2
4744,0.8981764231887949,36.88210983,0.100751953,110.9951644,0
4144,0.8981011551097713,34.61015226,0.100751953,114.0082713,0
496,0.8978098754349363,23.28338428,1.027349879,116.1613594,0
4674,0.8977706389370032,20.72320761,0.100751953,251.9978699,2
562,0.897678572802036,20.72320761,0.100751953,98.60158199,2
805,0.8974952079222259,36.58184196,1.948863066,90.8415946,2
2384,0.8973098163681534,38.24184243,0.100751953,251.9978699,0
2212,0.8972522666930365,34.6419286,0.100751953,111.1883588,1
3377,0.8969519672862573,25.89607957,0.100751953,118.8440979,1
1142,0.8968763762214204,23.89437727,0.753095875,119.5334107,0
3646,0.8968107582939179,28.77113934,0.100751953,90.8415946,2
1662,0.896682409364566,25.31038078,0.100751953,90.8415946,0
1642,0.8964854269523664,25.66516711,0.100751953,108.4377675,0
3884,0.8963483655017311,29.01391556,0.100751953,251.9978699,0
3347,0.8959883824507623,34.0139192,0.100751953,90.8415946,1
1932,0.8958915923085082,21.54870076,0.100751953,251.9978699,1
4278,0.8956641414226473,33.00825644,0.100751953,90.8415946,1
2421,0.895507189124484,27.04663972,13.72987393,101.1290679,2
2471,0.8953450005714982,26.24869041,0.100751953,104.7862278,0
4902,0.8951226476222338,23.47440253,0.429436724,251.9978699,0
2303,0.8949900871986226,21.2157913,0.100751953,251.9978699,1
3505,0.8949494371544199,20.72320761,0.100751953,251.9978699,0
2295,0.8946616513430072,39.88278722,0.237914532,103.9806694,1
3298,0.8944796386134053,39.88278722,0.100751953,251.9978699,1
936,0.8943943910439346,32.7730109,0.100751953,117.7934242,0
764,0.894218163845946,30.50764242,0.100751953,106.0136922,0
3512,0.8940495850929553,27.83645858,0.283131496,251.9978699,0
4701,0.8939441902376378,27.15952425,1.286489638,251.9978699,0
2231,0.8936222338032814,30.75902187,0.100751953,90.8415946,2
2587,0.8931283655350976,31.44168231,0.100751953,111.5575805,2
4124,0.8929880737664989,28.1302968,0.100751953,98.74637602,0
4140,0.8927593296672091,33.88941091,2.034616105,110.1182393,2
836,0.8927445884754354,32.05882136,0.100751953,251.9978699,1
2044,0.8927362106755184,20.72320761,0.100751953,251.9978699,1
4403,0.892648310573848,20.72320761,0.100751953,90.8415946,1
4200,0.8925401288869922,39.47081813,2.060305524,96.49581003,0
4398,0.8924258018866658,32.0699102,0.100751953,107.499759,0
2229,0.8922806715870029,31.31326862,0.100751953,251.9978699,0
3010,0.8920631000861318,20.72320761,0.100751953,90.8415946,1
338,0.8919938541958894,39.88278722,18.82342118,108.7997921,1
2369,0.8919095552628414,29.04966187,0.351140792,90.8415946,0
4465,0.891838792403544,30.26053864,0.100751953,251.9978699,2
3912,0.8916769050547496,29.52143098,0.100751953,251.9978699,1
3341,0.891149945126306,39.88278722,0.100751953,251.9978699,1
1699,0.891109150662119,20.72320761,0.874256372,90.8415946,1
1061,0.8909938424304918,27.03675585,0.100751953,113.5354429,0
3727,0.8899656580599625,27.99559987,0.100751953,251.9978699,1
2108,0.8898971922223119,39.88278722,2.022281329,117.0411036,2
3068,0.8897469234838455,20.72320761,0.100751953,108.398213,0
3545,0.8894943690086198,39.88278722,0.100751953,90.8415946,2
802,0.8893078368703198,20.72320761,0.100751953,90.8415946,2
2206,0.8891445448401879,32.65802903,0.100751953,251.9978699,2
4485,0.8884074202744089,39.88278722,0.20420755,111.2516204,0
1078,0.8883508546785882,31.02409882,0.100751953,118.4188161,0
161,0.8881684075687529,26.54072637,0.737832474,113.7310199,0
4281,0.8879890771768739,39.88278722,0.963765044,251.9978699,0
4486,0.8876197387662579,20.72320761,0.100751953,251.9978699,1
4923,0.8871580613964847,36.38990826,1.422016626,106.9105868,1
4255,0.8869690806672508,30.35437296,0.100751953,104.1592932,1
3321,0.8867917730286203,32.85412675,0.100751953,251.9978699,1
3271,0.8858281148134854,28.6120012,0.100751953,119.8700644,0
195,0.8853140569177276,25.62521642,0.100751953,90.8415946,1
4496,0.8850894215887761,27.98578339,0.713534495,251.9978699,0
1491,0.8846284341252484,31.5885469,0.100751953,97.95397185,0
2661,0.8846207711278801,31.97363293,0.100751953,251.9978699,2
4207,0.8845901583135097,34.80160848,0.100751953,109.3256842,0
214,0.8845444014840327,28.94778874,0.661986185,90.8415946,0
192,0.884318256496715,29.13465941,0.100751953,90.8415946,2
3026,0.8842977265553881,27.68374963,0.392881161,251.9978699,0
406,0.8842842693768977,27.3364913,0.100751953,251.9978699,1
2321,0.8842829709866011,39.88278722,0.100751953,90.8415946,1
1133,0.8839395960784148,36.28361,0.100751953,110.4445317,2
1558,0.8837395007339165,24.34092037,0.100751953,251.9978699,0
4236,0.8836442399142496,33.63341267,0.100751953,106.2179067,2
3635,0.8834300976647619,38.83721519,1.159894229,104.8714952,1
1733,0.8828341808493784,24.77445004,21.50805654,251.9978699,1
2868,0.8825082245762784,23.49802763,0.100751953,119.721943,2
477,0.8824460883435171,20.72320761,0.100751953,251.9978699,1
2215,0.882195132793227,31.6190237,6.773416225,251.9978699,1
3145,0.8819790875450827,21.91006808,0.100751953,93.23524879,2
834,0.8817508921843805,30.94703679,0.100751953,107.6399644,2
4904,0.8816508980887595,32.98381131,25.44917203,251.9978699,0
3446,0.881212280199635,37.2777336,0.100751953,112.6646422,0
3796,0.8811875842516933,20.72320761,25.44917203,117.8487848,0
3397,0.8811691124548312,35.50754764,0.635474642,245.9845674,2
691,0.8807944493178006,20.72320761,7.819157329,90.8415946,1
2045,0.8807844132011765,20.72320761,0.100751953,115.8059518,1
3518,0.8806505274768931,33.81913844,0.100751953,92.34499039,1
298,0.8805524595258648,23.8503003,2.663608064,251.9978699,0
2381,0.880394405921236,34.28966889,0.100751953,110.9224069,2
4981,0.8803627980160104,28.7796846,1.41048257,90.8415946,0
3896,0.8794126587950176,36.23697387,0.100751953,119.0208475,0
3459,0.8792723151904509,35.48341764,0.100751953,251.9978699,0
896,0.8790767184625344,32.99595674,0.100751953,251.9978699,1
4650,0.8786551795480096,29.98694957,0.888182513,251.9978699,0
2890,0.8783472412621274,28.14354572,25.44917203,95.48322627,1
311,0.8773944163602074,39.88278722,2.001313394,246.6880596,0
3670,0.8773088228246705,39.88278722,0.701548611,90.8415946,1
4246,0.8771247920188935,22.7038157,0.527279435,251.9978699,0
3961,0.8764599701649444,20.72320761,0.685574944,118.4838635,2
1743,0.8761771845052163,28.74996067,0.100751953,116.5680776,0
4623,0.8759510290680823,20.72320761,1.245876117,251.9978699,1
1018,0.8755214832777155,37.47560214,6.271375727,251.9978699,1
799,0.8755164730975858,21.12182334,0.100751953,246.5267129,1
4307,0.8749291282898494,28.96244137,0.100751953,117.5034995,0
949,0.8744932719743019,28.94865914,2.612650985,91.79942774,1
647,0.8742800459112136,32.62547472,1.060551372,115.7196087,0
1536,0.8739981759960332,20.72320761,0.100751953,90.8415946,0
461,0.8735469709293632,35.50899903,0.616361201,251.9978699,1
4299,0.8728568961945556,28.56384414,0.100751953,100.7409651,0
73,0.8719275336987424,26.74921317,24.09373631,111.6242607,0
1313,0.8718309036014666,39.32104502,25.44917203,108.1667851,2
3870,0.871666085237574,33.77049728,0.89775315,105.4782124,0
555,0.8712652290785113,20.72320761,0.100751953,251.9978699,1
2552,0.870819748105747,36.08918487,0.100751953,251.9978699,0
971,0.8706151095313402,39.21655881,0.569099301,118.5265862,0
3797,0.8705077166501779,35.265244,2.068648098,251.9978699,0
2087,0.8698655199242951,31.45675271,0.100751953,246.2385915,0
3665,0.8696817898578688,34.63826438,13.87736775,90.8415946,1
4339,0.8693521041254259,39.88278722,0.100751953,248.0203852,0
3172,0.8692179289875716,39.88278722,1.176376563,115.6394368,0
480,0.8685146941485553,20.72320761,0.525243468,111.4519361,0
2317,0.8684656813863181,32.66670357,25.44917203,106.1628874,0
3316,0.8679943957886497,21.09973407,0.100751953,95.76619537,1
4507,0.8671430742786965,31.89352968,1.042502491,246.894154,0
2063,0.8668099190288662,39.88278722,0.100751953,115.6700199,0
940,0.8660199228819713,33.5836132,0.556054365,251.9978699,0
4860,0.8657610770512427,31.93936064,0.100751953,251.9978699,1
1001,0.8652895885848246,27.69354863,0.100751953,251.4636475,2
3237,0.8651579215425308,28.11373048,0.100751953,251.9978699,1
3716,0.8645082147107471,36.84139413,2.25349844,110.9641034,1
3753,0.8642073843404229,20.72320761,0.737713056,251.9978699,0
51,0.8641966251399564,32.884474,0.100751953,106.9481912,1
88,0.8639673998465475,26.79937641,0.100751953,90.8415946,2
3571,0.8639403443067764,30.16437403,0.100751953,251.9978699,0
2497,0.8637126263148024,31.42801267,0.20908927,251.5630961,2
2994,0.8634867965386454,39.88278722,0.32020614,251.9978699,1
2441,0.86266861367712,20.80756371,0.100751953,117.6438631,1
2163,0.8623760914722508,37.1083575,0.100751953,251.9978699,1
3184,0.8616484365094325,23.21682123,0.100751953,251.9978699,0
3525,0.8613986710131777,25.24728825,1.683497913,251.9978699,0
1074,0.8610077628049208,20.72320761,13.2053787,251.9978699,0
4813,0.860484752557429,28.71344869,2.257116911,119.6472934,1
1529,0.8601128110035279,37.41372235,0.100751953,251.9978699,2
737,0.8597914034352382,27.39528853,0.100751953,115.5363207,2
818,0.858847778853869,34.21110259,1.357970498,251.9978699,0
4045,0.8585894388001782,37.61973808,0.346475446,251.9978699,0
643,0.858500717974449,39.88278722,0.100751953,119.5458645,2
3862,0.8580325902847195,32.97900113,0.464928496,248.3503427,0
4439,0.8578867591037729,36.22140149,0.100751953,105.3035237,2
479,0.8572037183890142,39.88278722,0.100751953,114.2678286,1
3148,0.8568224784850288,39.88278722,0.875889225,105.2322087,1
1694,0.8560244217646957,34.19802208,0.100751953,90.8415946,0
731,0.8558804919991406,34.228575,0.100751953,251.9978699,2
3590,0.8557545368634637,26.35311187,0.872441063,251.9978699,0
1600,0.8547732425436597,22.01633901,0.100751953,90.8415946,0
354,0.8531170748432687,20.72320761,0.100751953,98.6159382,1
2688,0.8521712598712744,31.76975372,0.919671862,90.8415946,1
1004,0.851714828647451,39.88278722,0.349089545,111.2198675,2
1616,0.8512935288621432,39.88278722,0.100751953,249.7813033,1
1721,0.8512878416110229,39.88278722,0.100751953,251.9978699,1
2106,0.8506403265267853,23.67037077,0.100751953,113.6143926,2
4505,0.8505090128065312,30.60818671,0.100751953,246.7369571,0
3892,0.8498216865455177,34.68526286,0.825983443,251.9978699,0
997,0.848692848591775,39.88278722,0.100751953,115.1299994,0
609,0.8485742990616721,35.32314682,0.100751953,251.9978699,0
2882,0.8483609757568601,25.34209332,0.224203588,251.9978699,1
4095,0.8483555290469922,25.12114673,0.100751953,251.9978699,0
2194,0.8479229702194716,20.72320761,0.100751953,112.09591,0
254,0.8449919844844406,23.73226509,0.100751953,103.408977,1
4822,0.8447266579891403,31.56017974,1.153752612,110.9420277,0
1126,0.8444866661969005,39.88278722,0.180576045,91.45673442,1
2275,0.8443055367231392,39.83673478,0.100751953,251.9978699,0
1090,0.8438590149265742,24.81901138,0.597955344,112.6929185,0
933,0.8434101863839323,32.79375908,0.874351706,113.5926507,2
4771,0.8416499824433418,20.72320761,5.340963043,251.9978699,0
2060,0.8415109998840092,39.88278722,0.591725703,251.9978699,1
4392,0.8412343857543987,25.7503125,0.100751953,251.9978699,0
765,0.8411993852983338,35.75963293,3.843119086,108.9537045,1
530,0.8375390214384689,34.09120889,0.100751953,109.0662034,0
1618,0.8375005930382109,32.89383527,1.104508004,114.5679556,2
1443,0.8368597363486433,20.72320761,11.35366495,118.9224864,1
1609,0.8367732896409574,31.56913772,0.100751953,251.9978699,1
3668,0.8347120873381396,34.47696875,0.100751953,251.9978699,2
128,0.8344136591421516,38.31447304,25.44917203,119.7239452,2
283,0.8343323139523218,21.11571009,1.541505945,251.9978699,1
3056,0.8342958160621756,28.93248023,0.100751953,103.9885163,2
4995,0.832779680407096,31.11908153,12.23714209,251.9978699,2
2466,0.8327164012163912,23.98756427,1.087438676,116.1950869,2
1811,0.8326442291361053,38.89902735,0.100751953,251.9978699,2
4791,0.8321935189270464,28.45877324,0.100751953,251.9978699,0
191,0.8301546118154569,32.70991823,16.76290976,251.9978699,0
393,0.8292381928999579,28.89277234,0.100751953,107.3548834,1
4073,0.8280567281095507,20.72320761,0.100751953,251.9978699,2
1044,0.8279306134983974,33.19429345,0.100751953,251.9978699,2
1500,0.8236468280588268,20.72320761,1.201445919,251.9978699,1
1503,0.8234248074395646,39.88278722,0.100751953,251.9978699,2
2948,0.8226965438945024,39.88278722,11.9488737,106.8624539,0
1009,0.8214317383433011,20.72320761,1.146584948,251.9978699,2
1391,0.8205659339243542,20.72320761,0.100751953,251.9978699,2
4782,0.8204349778075009,29.06899853,0.100751953,251.9978699,1
232,0.820260521531378,22.07975579,0.446641533,251.9978699,1
4726,0.819738880090162,29.52729264,0.100751953,251.9978699,0
3021,0.8194253500434573,20.72320761,0.110088153,117.0360906,2
1048,0.8186349036178443,39.88278722,0.100751953,246.4913237,0
3078,0.8168851819023816,22.84291483,0.100751953,251.9978699,1
889,0.815883168269489,35.94551409,0.169677288,251.9978699,2
2006,0.8147565744708763,29.6014519,0.100751953,251.9978699,0
4346,0.8144980809524259,34.58357778,7.562311823,251.9978699,0
4588,0.8129319405850648,34.41156914,1.702418866,104.8200645,1
794,0.8114735778469641,29.3175207,0.100751953,251.9978699,2
577,0.8101661082790462,30.15886016,0.100751953,251.9978699,0
2479,0.8080216588129576,39.88278722,0.100751953,251.9978699,0
26,0.807798537352815,32.48608658,0.100751953,251.9978699,1
3846,0.807229591428175,20.72320761,0.100751953,112.3744149,0
2969,0.8034651468090296,25.38937632,0.100751953,118.0410815,1
3333,0.8031833655976465,20.72320761,0.100751953,105.3872144,0
4098,0.8030819166403608,27.84262283,0.587928492,251.9978699,0
3353,0.8028397437650129,34.40541213,14.53749719,251.9978699,1
3891,0.8012522484245318,31.3609104,0.357064543,249.4891729,1
3350,0.8000865846949359,36.51710959,1.486319769,251.9978699,2
4607,0.7999544026523803,26.35167088,0.100751953,116.6951904,2
4937,0.7988699778988635,39.88278722,0.100751953,251.9978699,0
4183,0.7972329775387964,38.37738095,1.575991253,251.9978699,0
1684,0.7970295661158011,30.37912423,0.791495078,117.4514246,1
307,0.7957530234567255,28.52374905,1.433801498,251.9978699,0
903,0.7923666807149159,34.85328443,0.100751953,251.9978699,2
4769,0.7923622091825143,39.88278722,0.191721565,251.9978699,1
4479,0.7917954303730742,39.88278722,0.910174777,114.7647839,0
469,0.791020273077392,33.02552438,0.100751953,251.9978699,0
3236,0.7894737928146149,20.72320761,2.561886493,251.9978699,1
278,0.7888944338800599,32.29162634,0.100751953,251.9978699,0
272,0.7838679394599772,37.8368861,1.632893761,251.9978699,1
2602,0.7796738199329676,28.32982608,0.100751953,118.3176703,0
3563,0.7783117702822476,39.88278722,0.100751953,249.2216769,0
553,0.7774613381039118,33.00307256,0.838468905,114.8818171,2
3623,0.7774081678088605,34.28925766,0.100751953,247.4138962,1
3098,0.7752604839309208,25.16132412,17.15267793,246.6164504,0
17,0.774706584450442,37.40062555,0.100751953,251.9978699,1
4643,0.773601161230053,20.72320761,1.369716248,251.9978699,2
3304,0.7688180190836893,32.98341634,0.100751953,118.1962406,0
1373,0.7684528477783932,37.48544893,0.100751953,118.3950254,2
1744,0.7608555405001383,25.93012132,0.100751953,251.9978699,2
2854,0.7596260926785664,36.96420987,0.829927874,251.9978699,2
1140,0.7590482048447482,30.70468394,0.100751953,117.0696925,0
1027,0.7578178356442784,33.82072159,0.100751953,251.9978699,1
1617,0.7563276283937568,20.72320761,0.100751953,251.9978699,0
1483,0.7532429925007462,24.80350145,0.100751953,251.9978699,0
602,0.7523063413369915,22.32596837,18.0296082,251.9978699,2
1025,0.7515909050472503,36.2844906,0.100751953,251.9978699,1
3103,0.7506257837196584,22.72212475,0.100751953,107.2909147,2
1981,0.7496643155116058,20.72320761,0.393422981,113.2177149,0
3338,0.7449780045583972,28.91041207,0.100751953,251.9978699,1
977,0.7404230973291147,26.45815307,25.44917203,251.9978699,0
660,0.7400502825353711,24.12684821,0.713927347,251.9978699,0
4058,0.7371360591550498,21.66101724,0.100751953,102.9583778,1
2926,0.7311244720762088,27.23383292,0.100751953,246.4373635,0
3779,0.7311141006547559,35.23622907,0.100751953,251.9978699,1
4720,0.7302957324012483,31.79715787,0.100751953,248.2529759,0
3375,0.7282825580424461,33.07984982,0.100751953,116.3510575,2
759,0.7280287507122529,33.57977926,15.51250188,251.9978699,0
1499,0.727361315361026,29.93009306,0.100751953,247.4289222,1
4630,0.7273315690081333,39.88278722,1.352031526,251.9978699,1
2839,0.7249597831746407,23.40319368,2.605782976,251.9978699,1
4559,0.7219105769882375,39.88278722,0.100751953,248.2959935,0
1782,0.7126115459319026,30.26038527,0.201552075,113.0118861,2
2669,0.7097294686402664,28.01931451,2.196865009,98.33383233,1
2763,0.7027439603099879,28.92641866,0.100751953,251.9978699,0
3550,0.7014833975104415,20.72320761,0.100751953,251.9978699,0
2778,0.7002951569143915,20.72320761,0.100751953,116.4728956,1
2146,0.6999647365938211,39.88278722,0.100751953,251.9978699,0
2804,0.6973905650628639,20.72320761,0.419447863,251.9978699,2
3813,0.6958526780078,33.64556478,0.100751953,251.9978699,1
3866,0.6932729934559866,31.36927347,0.100751953,251.9978699,2
1168,0.6931762989058327,38.58534176,0.100751953,248.7295063,1
1632,0.6888083482406692,29.83119427,0.100751953,251.9978699,0
1631,0.6886048981077589,25.83125988,1.052745026,249.1791843,1
4968,0.6878368134949527,20.72320761,0.100751953,248.0674065,1
210,0.6870359779311502,39.88278722,0.100751953,251.9978699,0
4811,0.6849248987414392,25.82839618,25.44917203,116.8778923,0
3248,0.679370769215982,27.13371038,0.100751953,251.9978699,0
1513,0.676962830538112,29.88641765,0.100751953,119.9309503,0
3705,0.6731155335846607,20.72320761,2.088209325,248.3158474,0
3928,0.6610400322545273,20.72320761,0.100751953,251.9978699,2
2940,0.6609028260437951,20.72320761,0.100751953,251.9978699,1
4644,0.6554321952404496,33.33191363,1.382102522,251.9978699,1
4093,0.6542189957375099,33.8716596,0.100751953,106.816249,2
1983,0.651681038584354,26.64650577,24.35190735,122.7620336,0
252,0.6496044301027947,35.90641224,0.100751953,251.9978699,0
1292,0.6439999699752942,38.67049759,25.44917203,251.9978699,0
3732,0.642766440486871,33.57544299,25.44917203,118.0107188,0
196,0.6351448308744894,36.05745098,0.100751953,251.9978699,0
2659,0.6308816650924792,38.65216658,1.952425909,114.2029681,1
2104,0.6149843596216237,39.70050182,9.24392897,118.0845787,2
84,0.6109078440399199,20.72320761,0.100751953,118.2978217,0
724,0.6099129787484394,26.25731922,0.100751953,251.9978699,0
2370,0.6077556301340854,23.28997771,0.447023735,123.4461796,1
1765,0.6043317609926061,20.72320761,3.571415683,119.3517346,0
4573,0.6035536149615112,27.93068671,0.100751953,119.8567002,0
308,0.5996399168806975,20.72320761,0.100751953,248.047831,2
1436,0.5996294558302849,26.9734392,0.100751953,246.441673,2
969,0.5982691897505964,34.5133933,0.100751953,118.0785667,2
2468,0.5968176492921682,36.71817257,0.100751953,115.5613802,0
3617,0.5939271497332635,27.64469116,0.100751953,244.4157889,0
1435,0.5879336043767196,24.70862985,0.100751953,113.9809856,1
2328,0.5874353413672996,32.55774131,0.100751953,251.9978699,1
881,0.5869606125588583,39.88278722,0.100751953,242.9444402,0
43,0.5846997698682023,27.84239626,0.100751953,247.7993262,0
4054,0.5800880311425353,39.88278722,0.100751953,251.9978699,0
3778,0.5743972112526388,25.81376553,2.791996465,113.4470554,1
4023,0.5685044344505956,36.36250642,0.100751953,118.3566286,1
4932,0.5491725258890507,29.2412055,25.44917203,251.9978699,1
2095,0.5437871567133704,37.20416355,0.100751953,245.7017644,2
3575,0.5299707833487163,34.74213831,2.089839539,235.8118496,0
549,0.5298990441042908,39.88278722,2.201798207,251.9978699,2
1108,0.525139070581688,30.92110104,0.100751953,113.7120491,0
625,0.5207717227044307,22.22214369,0.100751953,113.307564,2
1876,0.5202842809253688,36.7433861,0.100751953,251.9978699,0
4734,0.5185411580752163,39.88278722,0.100751953,247.5808053,0
