Pulley_ID,Operating_Temperature,Vibration_Level,Failure_Percentage
592,28.72203817,0.100751953,0.97405713
1438,30.76784316,0.843125318,0.969709673
2928,32.51122817,16.57920811,0.969137912
3096,20.72320761,0.100751953,0.968626626
2814,39.88278722,0.100751953,0.968623498
3856,39.88278722,2.584405896,0.968512145
4025,30.38164424,0.100751953,0.968496844
4633,31.78549348,2.417686113,0.967929966
2712,20.72320761,0.100751953,0.967399811
4683,22.1723881,0.100751953,0.967255687
3199,20.72320761,0.100751953,0.96640201
2424,30.85326942,0.100751953,0.966323771
4713,39.88278722,16.21037722,0.96632018
1736,22.0711802,0.100751953,0.966239862
3423,35.69372733,25.44917203,0.966152828
3183,32.63880259,0.409468897,0.966076733
1801,20.72320761,0.100751953,0.966047499
2072,30.74153464,0.100751953,0.965531355
852,20.72320761,1.141416014,0.965378624
2003,35.43333069,0.222529523,0.964776996
299,34.2560335,0.897749757,0.964390054
3987,20.72320761,0.100751953,0.964215653
4031,39.70120071,2.041149422,0.963632599
3173,28.09802903,0.535770725,0.963585832
2272,20.72320761,0.18376091,0.963562849
3606,20.72320761,0.100751953,0.962581943
2326,33.43953677,2.419949648,0.962434243
2624,22.46879236,0.100751953,0.962218216
3949,22.08802088,0.452256829,0.962062064
2193,32.20135063,9.894607966,0.962028328
858,30.4268471,0.100751953,0.961460574
1163,36.35013281,1.570702105,0.961410362
1494,20.72320761,0.100751953,0.961388973
1862,26.39709201,0.155272943,0.960902583
63,39.87356525,0.258132907,0.96041497
1810,28.92006547,0.434278369,0.960364959
4850,26.40041475,1.667956428,0.959444699
2263,27.76321054,0.100751953,0.959304851
4490,34.33866011,0.100751953,0.959222822
4694,36.81446125,0.100751953,0.959064971
979,35.13114278,0.100751953,0.958945964
2891,37.62146741,24.39039136,0.95884456
1277,31.87872573,2.031423428,0.958789157
2842,31.33124561,0.100751953,0.958681395
3180,38.16024146,0.100751953,0.958354423
1563,32.57925725,0.100751953,0.958302428
1987,20.72320761,3.425461832,0.957998837
1795,39.88278722,0.869387009,0.957819832
2291,33.28375978,0.100751953,0.957201288
3029,29.65371093,0.100751953,0.957167894
1477,30.83795579,2.075369003,0.957112775
2385,30.86906573,1.113765039,0.957025043
739,39.88278722,0.100751953,0.956616833
1271,20.72320761,0.690961352,0.956561889
1060,20.72320761,0.100751953,0.956530201
362,34.54483381,2.125416402,0.956392545
866,22.63057878,2.428152153,0.955992856
59,29.59196771,0.100751953,0.955602783
2747,28.32264235,0.100751953,0.955503532
258,20.72320761,0.100751953,0.955484
2597,34.55138085,1.273499363,0.955254891
1596,29.14617032,0.100751953,0.954979805
2904,28.880082,25.44917203,0.954901864
801,28.43005586,0.100751953,0.954828696
262,33.14111415,0.100751953,0.954778417
4416,20.72320761,0.208322762,0.954295174
2711,39.88278722,0.100751953,0.954108532
3534,31.73864234,0.100751953,0.953833179
4583,36.36726892,2.093321461,0.953636876
1,29.36690398,0.100751953,0.953632168
3655,39.88278722,1.191983809,0.953576566
4,36.46378459,0.100751953,0.953559837
4052,21.16714736,0.100751953,0.953444795
2788,33.7857021,0.100751953,0.953431473
2831,20.98275242,0.100751953,0.953177762
2783,23.65687424,0.100751953,0.953138779
4596,39.67675619,0.16247443,0.953080757
2143,25.34014043,0.100751953,0.952724292
1211,37.32066461,0.100751953,0.952491284
790,39.68651207,0.100751953,0.952469233
3408,34.79948887,1.913236605,0.952174759
4884,20.72320761,21.9747502,0.952122428
3622,31.68020088,0.100751953,0.951981967
3076,33.3443215,0.100751953,0.951757952
3174,28.63800465,0.100751953,0.951561609
1601,23.99968408,0.100751953,0.951507684
2488,32.55287568,0.100751953,0.951411151
499,28.82931669,0.100751953,0.95139143
1181,20.72320761,1.385180913,0.951342081
3715,34.65927036,0.95509383,0.951334999
4548,36.46809987,0.689871052,0.950959129
2866,39.88278722,0.100751953,0.950892102
3802,20.72320761,0.84762315,0.950890657
2802,20.78666257,1.863256726,0.950797029
353,24.04539802,0.100751953,0.95077864
1403,29.05289697,0.730083638,0.950746535
4503,34.95943793,0.100751953,0.950589555
4695,22.33613504,0.568334186,0.950537229
4284,30.14760908,2.683919649,0.950249222
3094,28.34864329,0.100751953,0.950153704
2734,26.03822221,2.287184724,0.950099029
3731,20.72320761,1.791247848,0.950073236
1478,39.88278722,2.04765302,0.949949153
2540,31.46294272,0.229779814,0.949932381
1072,34.3404538,14.23291754,0.949906049
510,39.88278722,1.141677217,0.949903251
2719,36.51203193,15.68197616,0.949746283
871,34.80237749,0.100751953,0.949702822
2724,39.88278722,0.182915059,0.949673871
1943,22.41637717,1.663682353,0.949582678
910,27.58031705,0.100751953,0.949411033
4973,26.70315986,0.100751953,0.949384945
3724,39.88278722,25.44917203,0.949349547
3733,20.72320761,1.898892733,0.949296489
3969,39.88278722,1.439660299,0.949165713
4422,23.39990623,0.561702289,0.94914169
3000,31.89075394,0.100751953,0.949121026
697,39.88278722,1.63879428,0.949064529
257,29.89716994,0.100751953,0.948975597
1175,37.38460122,0.100751953,0.948903748
4621,20.72320761,0.100751953,0.9488866
289,28.05263584,0.591794208,0.94878137
3743,38.14336594,0.536614922,0.948751846
2938,39.88278722,0.100751953,0.948710182
1726,27.06977095,0.650195135,0.948471809
3973,33.95330071,0.69250595,0.94845072
4603,28.48783093,12.42653412,0.948338491
4851,24.07345113,3.319512126,0.948320512
2116,28.58970082,0.100751953,0.948305628
411,26.88990327,0.100751953,0.948164647
656,33.5210301,0.100751953,0.948149311
2085,32.50500139,0.100751953,0.9481389
3038,30.01127477,0.100751953,0.948083821
1157,35.499662,0.100751953,0.948065058
3978,29.39349295,0.100751953,0.948048721
1180,23.80673151,0.100751953,0.948028358
1826,31.72575852,1.073452597,0.947971257
332,35.71683185,0.968803586,0.947933197
3746,35.90772678,0.100751953,0.947926122
4426,21.81281197,0.100751953,0.947685712
1776,25.0424326,1.400118146,0.947669246
2532,35.62588588,0.100751953,0.947649822
1692,39.88278722,2.136591159,0.947542723
1206,33.87476304,0.100751953,0.947415491
860,22.21087004,0.254426741,0.94741548
4219,39.88278722,0.100751953,0.947397752
1234,20.72320761,0.100751953,0.947388304
516,39.24808541,0.100751953,0.947352055
1194,31.01009416,0.100751953,0.947348292
2472,36.96062584,2.27503117,0.947265875
3194,37.67390642,0.100751953,0.947229601
181,36.45708491,0.100751953,0.947024295
2959,33.05715189,0.578490624,0.946987913
2977,29.00328907,0.100751953,0.946984487
1788,39.67316052,2.248991811,0.946934974
2235,33.7455901,0.100751953,0.946934658
2149,31.67753542,0.153752272,0.946921726
4360,39.88278722,0.100751953,0.946839448
2238,24.50472224,0.100751953,0.946772743
3632,35.89945576,24.67389333,0.946760321
1525,35.33389223,12.10933518,0.946707786
1269,29.17119041,0.100751953,0.946674717
3706,33.97415107,25.44917203,0.946498869
1845,20.72320761,2.392177203,0.946296188
2209,32.53416441,0.100751953,0.946124216
2833,39.54187206,2.522424928,0.94610869
3703,39.88278722,0.467053596,0.946043961
4540,20.72320761,1.353521589,0.946027882
3337,39.88278722,25.44917203,0.945906999
3461,31.91385995,0.100751953,0.945888358
4318,25.16722334,0.100751953,0.945832212
24,25.18608782,0.100751953,0.945717167
35,20.72320761,0.100751953,0.945193343
4414,27.26197864,0.496747071,0.94511151
1511,26.29897908,0.100751953,0.94506935
246,26.01621922,0.100751953,0.944886111
2811,20.72320761,1.5448447,0.944860429
1991,37.92559263,0.746908979,0.944857043
3418,28.21819373,0.100751953,0.944784556
1727,22.85549843,0.250944751,0.944755593
4481,33.11938012,0.100751953,0.944677016
1488,30.51527938,0.366698793,0.944587076
821,39.88278722,0.100751953,0.944577148
3223,20.72320761,0.100751953,0.94444614
2921,35.54587326,0.100751953,0.94440045
4016,20.72320761,0.100751953,0.944334245
2838,39.88278722,0.365669155,0.944241073
3690,27.72041198,0.100751953,0.943914027
627,27.47476118,1.751464765,0.943697892
4780,29.68264751,0.100751953,0.943648151
550,27.36336829,0.100751953,0.943368209
3428,35.89443209,0.100751953,0.943346512
2469,39.88278722,0.252712949,0.943149908
1658,29.62710011,0.100751953,0.9430261
3111,25.73674808,0.100751953,0.943025256
3436,31.75427533,0.100751953,0.943007369
3373,20.72320761,0.100751953,0.942990799
1519,30.52064326,0.100751953,0.942953665
3723,20.86687448,0.100751953,0.94288274
4608,22.15733944,0.100751953,0.942867671
4526,25.84343015,0.100751953,0.942771151
3874,29.94174855,13.15901091,0.942770083
1003,20.72320761,1.355103717,0.942754048
3484,20.87311728,1.250382662,0.942674801
917,26.53265366,0.100751953,0.942586022
1275,25.82333808,0.100751953,0.942566784
3680,28.38677648,0.100751953,0.942565987
2698,25.87391953,0.100751953,0.942509994
958,31.42228306,0.100751953,0.942400467
882,39.88278722,25.44917203,0.942267834
2343,39.88278722,1.415031001,0.942213945
2390,39.88278722,0.100751953,0.942149046
4962,29.95258697,0.382272598,0.942136585
3246,39.88278722,24.92265284,0.942041347
1106,39.88278722,0.100751953,0.941981488
1956,31.27376207,0.100751953,0.941979333
4847,24.98455399,0.100751953,0.941979108
1674,34.60559448,0.100751953,0.941974818
3596,26.18866201,16.68359228,0.94193097
2697,31.24912927,0.100751953,0.941923459
4196,39.88278722,1.915076585,0.941911432
2556,39.23959115,0.100751953,0.941830536
4521,39.88278722,0.100751953,0.941827915
2645,22.25800991,0.100751953,0.941802168
2398,28.42145765,0.100751953,0.941743669
441,38.08103565,0.100751953,0.941664325
775,22.61819954,25.44917203,0.9415969
2473,21.18845178,0.100751953,0.941570763
1576,24.04685487,0.100751953,0.941463556
1341,39.88278722,0.100751953,0.941368593
1809,26.63056992,1.619537064,0.941335358
1821,27.7168677,0.641639695,0.941318693
167,28.24218805,2.092412194,0.941216284
82,20.72320761,0.100751953,0.941179356
2158,39.88278722,0.100751953,0.940897629
1794,20.72320761,0.978349636,0.940873148
3696,23.464514,0.100751953,0.940818728
4637,34.70074052,0.100751953,0.940705413
3366,39.88278722,0.100751953,0.940677302
2128,38.56198941,0.167928746,0.940644857
4901,26.50168696,0.100751953,0.94057467
937,39.88278722,25.44917203,0.940552584
2391,28.52354689,0.100751953,0.940549351
3691,20.72320761,0.379317091,0.94046201
4191,39.88278722,2.433693205,0.94046081
183,21.81529563,0.100751953,0.940448895
4538,25.28952467,1.306295984,0.940440126
4412,39.88278722,1.147978169,0.940426609
867,24.55779434,0.100751953,0.940364267
1011,39.88278722,0.100751953,0.940360014
4327,33.11289242,0.100751953,0.940352386
2861,21.32290935,0.100751953,0.940311307
744,37.65867196,0.100751953,0.940261306
2435,32.22460784,0.875196468,0.940172033
1390,20.72320761,0.100751953,0.940163407
355,39.88278722,22.31547853,0.940075106
1901,20.72320761,0.100751953,0.939953828
1217,20.72320761,0.409011174,0.939946925
3290,25.46206235,0.100751953,0.939943996
2771,37.11872243,0.323684124,0.939892186
2425,27.85778991,0.371592052,0.939874614
4399,31.39688276,1.106495927,0.939845115
409,25.63427707,0.509617939,0.939835821
1446,38.17952617,0.460516133,0.939732049
1302,22.58326339,0.100751953,0.939727211
4895,22.7080658,0.274894288,0.939692596
401,31.71672489,0.100751953,0.939675918
1155,32.24208373,0.100751953,0.939572571
4585,24.12448574,0.42331583,0.939533577
2446,24.69739698,23.96587521,0.939520537
4009,38.70258089,1.164462849,0.939501643
456,37.0248215,0.100751953,0.939290286
163,32.08651025,0.100751953,0.939279239
2352,25.73236356,0.100751953,0.939261476
879,25.29260042,0.100751953,0.939190019
909,22.16845679,1.580167231,0.939173517
1176,21.6911058,0.100751953,0.939161416
3138,31.73578052,0.100751953,0.93908993
2282,37.70647339,0.100751953,0.93898744
4542,31.35561919,0.100751953,0.938891647
1241,39.88278722,0.100751953,0.93870985
4225,26.457287,5.256632455,0.938689539
76,20.72320761,1.517480647,0.93860681
1045,39.88278722,25.44917203,0.938580835
3974,27.71591041,0.100751953,0.938438457
3320,39.88278722,0.100751953,0.938350999
878,38.25187026,0.542960442,0.938212477
1252,30.92149968,0.576519874,0.938192597
180,29.30896728,1.307204246,0.938039109
646,33.0490632,0.820163177,0.937966293
1830,27.76687481,0.100751953,0.937940703
3243,39.88278722,0.100751953,0.937930826
2299,27.55564145,1.860569638,0.937589914
4362,36.21676733,0.100751953,0.937515257
1382,24.86840379,0.100751953,0.937430831
2739,30.82854835,3.422299473,0.93734887
1880,20.72320761,0.100751953,0.937263858
1643,31.06227323,0.100751953,0.937160632
2490,21.17032142,0.100751953,0.937018842
816,33.68188401,25.44917203,0.936975806
1772,34.89313671,19.97985587,0.936966208
1017,30.591853,1.761637601,0.936896608
1949,25.4767619,0.100751953,0.936757514
3621,36.44787126,1.115663912,0.936742452
961,26.04479767,0.100751953,0.936730117
3489,39.88278722,1.743703237,0.936718272
1015,39.88278722,0.100751953,0.936569221
3254,35.1169865,1.27714414,0.936431372
2877,25.77510648,0.100751953,0.936398202
859,37.9729493,0.100751953,0.936336359
1312,28.86953695,25.44917203,0.936152092
1522,37.93660426,1.442279532,0.936148973
1779,31.00768238,0.100751953,0.935998421
1751,20.72320761,0.100751953,0.935982007
467,24.23148823,19.37992883,0.93590499
783,25.73877193,0.100751953,0.935881563
3508,39.88278722,0.884844511,0.935738771
1389,31.8442455,0.989948952,0.935687101
439,20.72320761,0.100751953,0.935678592
2592,39.88278722,8.667784423,0.935629948
237,34.64364828,24.31469965,0.935524902
2544,32.48249171,25.44917203,0.93533541
3372,36.38922429,0.100751953,0.935253432
2404,20.72320761,2.366059098,0.93508441
2234,32.13279381,0.546801414,0.93504627
1378,24.23611611,0.100751953,0.934857175
3055,35.24667859,1.894352093,0.934728392
4329,34.66293957,0.100751953,0.934692128
548,31.17111893,2.173667216,0.93467641
4342,39.88278722,17.71288868,0.93447461
2548,29.46449855,0.100751953,0.934282033
1656,36.19999059,1.060513339,0.93423626
212,26.43576423,0.100751953,0.934221805
934,24.21192536,0.100751953,0.934194047
4702,36.74514155,2.567070673,0.934171457
3047,32.36042331,0.100751953,0.934150632
242,30.75450547,4.674906466,0.934126351
3933,39.88278722,12.06866865,0.934125309
2901,29.01132848,1.254063628,0.934082976
3756,30.72416868,0.100751953,0.934058215
3160,36.30221878,20.65498438,0.933964849
1364,39.88278722,0.100751953,0.933710054
4594,39.88278722,0.100751953,0.933445469
1800,27.97556445,0.100751953,0.933161898
33,20.72320761,0.100751953,0.933047786
3406,36.42254346,0.100751953,0.933029947
1636,20.72320761,0.100751953,0.932942406
1993,36.98151416,1.540039659,0.932823503
4198,34.40690547,0.100751953,0.932790737
3030,34.76547018,0.100751953,0.932630869
1884,39.88278722,0.330395929,0.932628016
217,20.72320761,1.267339149,0.932547316
2746,20.90207496,0.100751953,0.932508185
2714,37.70059107,0.100751953,0.932467886
507,31.52785952,0.100751953,0.932383017
3517,36.04676492,0.8372759,0.932248269
4777,29.33133025,12.44327157,0.93222406
1490,21.6370248,0.100751953,0.932192375
748,31.66483836,0.827872221,0.932142239
152,33.73486195,10.32755046,0.932069804
2246,27.71090499,0.100751953,0.932058653
340,39.88278722,0.100751953,0.931971972
1459,39.88278722,0.495627619,0.931840777
4529,30.32493941,0.100751953,0.931837742
418,32.09345307,0.771358753,0.931769678
1566,36.39270078,1.105897204,0.931739188
3152,25.76883113,24.19570559,0.931640032
2409,37.70273246,0.100751953,0.931618401
1338,39.88278722,0.100751953,0.931371354
4916,29.25605349,0.100751953,0.931165609
7,31.55092002,0.100751953,0.931157243
4614,22.25671688,0.100751953,0.931150098
3619,39.0521695,1.021641366,0.930980179
3014,33.73746209,0.100751953,0.930946966
3339,20.72320761,0.100751953,0.930793992
2563,34.33556253,25.44917203,0.930730801
4788,35.27512061,15.17115218,0.930703962
2827,20.72320761,21.65982516,0.930624022
182,39.88278722,0.100751953,0.9304167
3297,20.72320761,0.100751953,0.930353793
451,20.72320761,0.100751953,0.930342734
1570,33.04360813,2.167324461,0.930290991
2400,30.91078024,10.63609336,0.930283762
3458,24.90114729,25.44917203,0.930280968
49,37.28590419,25.44917203,0.930203989
700,32.30638055,0.258012966,0.930171523
2744,20.72320761,0.100751953,0.930143162
325,39.88278722,0.100751953,0.929860816
4646,34.47158453,0.784006272,0.929852974
1143,32.17906984,0.100751953,0.929834632
1320,39.88278722,0.100751953,0.929807458
1384,24.72683902,0.100751953,0.929757851
1668,37.24610624,0.100751953,0.929483079
1686,20.80875769,0.100751953,0.929439519
3140,21.81086073,0.19332759,0.929435411
2431,35.2166523,1.067699349,0.929395755
3197,29.21556076,0.100751953,0.929376409
1028,32.95484641,0.522596968,0.929337546
2493,24.17271218,0.100751953,0.929255374
3420,39.88278722,0.100751953,0.929233758
3662,31.77683925,25.44917203,0.929226173
3202,23.36805993,0.100751953,0.929225644
3850,39.88278722,1.047364483,0.928974977
2943,33.31040109,2.114518766,0.928951303
1859,27.25715149,0.627996078,0.928756516
4993,23.77084363,1.660775194,0.928738021
1512,39.88278722,17.48568619,0.928737039
3251,25.92644987,0.100751953,0.928720078
3065,31.4603612,2.255392872,0.928336666
4983,31.35927343,0.100751953,0.928257021
1829,25.10958501,0.100751953,0.928246661
3273,20.72320761,0.100751953,0.928241283
207,38.65384807,1.878218337,0.92812606
2112,20.72320761,0.100751953,0.9280871
4592,20.72320761,0.100751953,0.928082864
4326,24.86511378,0.545472551,0.928010927
3092,32.63492125,2.118119143,0.927964913
585,36.8043343,1.010135875,0.927829534
3334,37.40877592,11.37798703,0.927786061
3679,35.38840242,0.100751953,0.92769113
3042,20.98025831,2.215203324,0.927639576
107,38.31208953,1.71925983,0.92759781
4721,39.88278722,1.755307077,0.927590693
392,39.88278722,0.100751953,0.927527565
3285,39.88278722,0.100751953,0.927427263
1565,29.95411184,0.100751953,0.92739965
600,35.33738432,1.377735208,0.927304921
1568,20.72320761,12.35079471,0.927274329
500,23.89425294,0.100751953,0.927212572
3583,34.95506215,0.100751953,0.927196354
241,30.1011456,0.100751953,0.927179222
1791,25.24246118,0.100751953,0.927020831
3308,39.88278722,0.100751953,0.92684954
452,32.22177313,0.100751953,0.926731886
4965,29.93293318,0.100751953,0.9265538
4906,31.13404148,1.403879282,0.926535668
2070,38.47483443,0.100751953,0.926262205
4868,29.07643741,0.100751953,0.926204392
1349,24.2177187,1.139088561,0.926199313
2679,37.85464088,0.76646053,0.925772488
2437,24.89106284,20.13980252,0.925742419
3531,26.24835532,1.31094913,0.925737938
1192,20.72320761,0.602822278,0.92569451
309,27.82328105,0.100751953,0.925569275
2211,31.85884156,2.58622309,0.925539956
3206,20.72320761,0.100751953,0.925509024
2743,21.92791326,0.100751953,0.925489414
1505,39.88278722,0.100751953,0.925470032
4770,25.52040056,2.393340468,0.925434739
3131,28.04969079,0.100751953,0.925366109
3652,23.79044683,0.100751953,0.925225379
3541,28.90512629,0.100751953,0.925165993
1613,27.55774166,0.100751953,0.925151181
4407,34.66734003,0.63294802,0.925063805
2115,35.6597523,0.100751953,0.92503412
2020,25.10584458,0.552324476,0.924968606
2557,28.28742296,0.100751953,0.924934682
4104,39.88278722,0.100751953,0.924901444
347,20.72320761,0.100751953,0.924752887
4970,26.14649187,0.100751953,0.924652662
3421,39.88278722,0.100751953,0.924651357
3539,30.87594418,0.100751953,0.924647854
4003,20.72320761,0.100751953,0.92457672
1164,39.88278722,1.138470068,0.924527493
4173,28.02116462,0.100751953,0.924344571
1303,34.90104365,0.551621226,0.924286275
2188,39.88278722,0.100751953,0.924170015
2818,35.82136366,0.100751953,0.924161015
2663,28.93254162,0.100751953,0.924100389
2220,39.88278722,0.100751953,0.924026929
3488,37.96845744,0.563026482,0.924000793
1080,33.43881436,0.100751953,0.923982169
543,33.79973778,0.791316517,0.923914106
1354,38.61543768,1.712519658,0.923832728
4732,33.45482715,1.560203226,0.923805728
3614,37.01098531,0.100751953,0.923797579
4914,20.72320761,0.100751953,0.923756265
4248,31.19100997,17.26282937,0.923683061
3051,39.88278722,0.100751953,0.92367021
1715,28.72116473,2.191157082,0.923549869
421,23.4618789,0.100751953,0.923489405
3093,30.33768766,0.123347715,0.923409079
3318,39.88278722,0.100751953,0.923383458
981,39.88278722,0.100751953,0.923028907
1114,31.49491996,0.100751953,0.923019427
4271,29.15842585,0.100751953,0.922941597
2517,28.18204354,0.100751953,0.922842298
1267,26.72350872,1.697566592,0.922832745
509,26.22566919,0.56636708,0.922802465
3322,32.00277407,0.100751953,0.922636461
2148,32.29717945,1.251501193,0.922492883
2293,36.12606829,0.120089674,0.922181683
2565,37.76621157,0.100751953,0.922086897
2649,35.78200559,25.44917203,0.922021753
286,39.88278722,0.100751953,0.92197544
2996,39.88278722,0.100751953,0.921866367
1759,33.18232837,1.579855932,0.921843689
2439,27.68625983,0.122001092,0.921821188
1805,23.22642197,0.100751953,0.921682454
404,27.58814407,0.100751953,0.921662885
72,28.91978295,0.100751953,0.921642084
2470,39.88278722,0.100751953,0.921596898
1960,28.82543908,0.100751953,0.921549018
1873,30.83352604,0.100751953,0.921547844
1577,37.55265452,0.100751953,0.921507541
556,28.47979515,1.910836689,0.921485465
3470,20.72320761,0.240530309,0.921289803
3294,39.88278722,0.100751953,0.921243832
4229,30.90579243,0.100751953,0.921198315
399,31.52527932,0.362072791,0.92105556
2542,31.10311179,13.82061966,0.920968969
2120,32.42208809,0.100751953,0.920757575
1014,30.38586813,0.296656376,0.920681342
48,20.72320761,0.100751953,0.920678562
2453,27.85407719,0.286004992,0.920524541
855,39.88278722,15.52450305,0.920455209
3411,20.78353699,0.100751953,0.920376778
4441,26.69988626,0.100751953,0.920339151
2578,37.27946915,0.100751953,0.920300346
3903,31.18899642,0.100751953,0.920262781
4484,31.34386536,0.100751953,0.920246625
1318,39.21462074,0.100751953,0.920189341
1036,36.58997766,0.100751953,0.920088558
2955,32.8990918,20.90341795,0.920030587
2703,21.20977292,0.100751953,0.919978659
3430,39.88278722,0.367632276,0.919923948
2787,30.30400295,0.100751953,0.919750821
2191,26.03506093,0.100751953,0.9197382
255,28.17914405,16.83404471,0.91967427
1716,20.72320761,0.100751953,0.919632615
3455,25.82136521,0.100751953,0.919402131
2579,28.34335521,0.100751953,0.919132512
1089,29.85811253,25.44917203,0.919057689
3313,32.37423401,0.100751953,0.91898505
2395,30.30476565,1.537212351,0.91879653
197,21.0298739,0.100751953,0.918765122
2919,39.88278722,1.267023242,0.918688458
4560,20.72320761,25.44917203,0.918592558
1227,35.21287226,0.949277376,0.91851346
2254,21.16231043,0.100751953,0.918460005
2652,20.72320761,0.100751953,0.918444279
3728,20.72320761,0.100751953,0.91825926
671,30.52812801,0.100751953,0.918034359
121,32.76787265,0.100751953,0.918014704
2062,39.88278722,0.240167705,0.918003928
3530,26.4451338,0.100751953,0.917963927
846,32.76570242,0.100751953,0.917852788
4112,37.38037365,0.259804604,0.917839604
4528,24.78906471,0.166899097,0.917820427
3376,39.19955666,0.100751953,0.91761441
1605,39.88278722,2.079135249,0.917610689
1468,27.03890476,0.911216195,0.917527344
1696,25.21983266,0.100751953,0.91739776
370,28.32343312,0.100751953,0.917384052
2180,22.8362957,0.100751953,0.917211497
3039,36.88091802,0.100751953,0.917180641
1439,35.61033439,0.100751953,0.917132986
2362,28.41282398,0.100751953,0.91712804
1750,20.72320761,0.100751953,0.917027771
173,33.63735862,0.351755612,0.916866581
1102,21.58582114,0.100751953,0.916765933
2416,36.35938382,0.100751953,0.916679219
1593,30.60846271,0.100751953,0.916668551
4212,24.99139611,0.100751953,0.916619313
2677,32.00895532,0.100751953,0.916392693
4854,39.88278722,0.100751953,0.916221869
1196,28.34643411,0.100751953,0.916181863
1167,32.26892846,0.100751953,0.916150579
4478,36.20573774,0.100751953,0.91614502
3033,20.72320761,1.564167929,0.91612567
3034,20.72320761,1.387301531,0.916123625
1517,24.78236304,25.44917203,0.916102949
4331,35.42422518,0.100751953,0.916048125
3904,36.27630336,0.100751953,0.91595867
4649,39.88278722,0.100751953,0.91563057
3815,25.79444818,0.100751953,0.915473026
4053,28.68240717,0.492289324,0.915430936
423,36.13037447,25.44917203,0.91534214
3232,34.02681151,1.106347817,0.915103928
2320,20.72320761,0.492180598,0.915047832
3784,34.07621513,0.100751953,0.915031697
3582,20.72320761,0.100751953,0.914976774
2426,34.99699002,0.100751953,0.914975724
1752,32.92206787,9.444612845,0.914974388
2100,20.72320761,0.100751953,0.914973706
3314,32.7472481,24.64594567,0.914963444
1502,27.95984385,0.100751953,0.914737316
525,39.88278722,0.855720354,0.914621066
4564,34.46085315,0.100751953,0.914600896
1611,35.8398309,1.898355248,0.914451958
3402,28.61487217,0.874656554,0.914412163
2091,38.6744889,0.100751953,0.914263519
2906,24.12436744,1.00533797,0.914173588
4667,27.13039111,0.704296278,0.914138023
4985,36.9441734,2.11421752,0.914046052
36,21.24682936,0.100751953,0.913981202
4263,39.88278722,1.795518238,0.913858679
1635,33.53078708,0.939387314,0.91384182
2573,39.88278722,0.100751953,0.913616505
1421,22.2740624,0.100751953,0.913595155
1910,21.51515146,0.100751953,0.913443314
4535,39.88278722,1.956369921,0.913393047
3082,35.99553953,25.44917203,0.913260292
324,31.83861871,0.165009723,0.913140874
3127,30.3101162,0.100751953,0.91288117
1820,33.58583257,0.100751953,0.912780248
3883,39.88278722,0.748758132,0.912715042
1105,20.72320761,0.712931082,0.912682442
151,36.52711062,0.738548352,0.912682049
2346,23.11388525,1.750709974,0.912200046
4008,21.15991787,0.307167709,0.912125599
4376,20.72320761,0.100751953,0.912100017
3934,36.74571287,0.100751953,0.912085443
4222,36.36787454,1.061389684,0.911932326
4162,33.996992,0.100751953,0.911744336
2082,39.88278722,0.206669835,0.91172004
2924,38.27507582,0.100751953,0.911489377
3613,24.3816485,1.658399182,0.911418423
3182,39.61100047,0.100751953,0.911403083
891,24.24970928,2.569601275,0.911203811
4226,20.72320761,1.303552014,0.910975614
1823,27.6225125,1.355426995,0.910967706
4276,25.00175724,0.100751953,0.910936189
2186,31.3383,0.100751953,0.910797282
3235,36.90748389,1.096539307,0.910614163
4982,26.16237383,2.368595731,0.910475383
3651,34.91094486,0.100751953,0.91025634
2571,39.88278722,0.100751953,0.910249916
1900,39.88278722,2.100803523,0.910161578
193,30.86243636,0.100751953,0.910075829
1977,35.74785614,3.619458507,0.909954385
281,39.628785,0.100751953,0.909776647
3448,37.32107333,0.100751953,0.909764332
4405,32.20860248,0.100751953,0.909702875
470,38.27100766,0.100751953,0.909686293
4950,29.37520997,0.100751953,0.909491902
4449,20.72320761,1.991076053,0.909396456
3057,29.52216428,0.100751953,0.909342007
3971,24.02238545,0.731057494,0.90919952
1849,24.5981078,20.45138826,0.909169885
2745,25.51889512,0.889750944,0.909053057
947,25.17508549,7.805646334,0.908766661
4272,33.54462935,1.58806648,0.908736741
1030,23.59618748,0.100751953,0.908567058
4154,35.25172365,2.041122782,0.908389649
1541,27.2129276,0.100751953,0.908361142
729,26.38770158,0.100751953,0.908063286
4128,23.52152693,0.100751953,0.907987984
177,39.88278722,0.100751953,0.907906564
946,20.72320761,0.100751953,0.907795155
1848,29.66642415,0.100751953,0.907634999
2025,39.88278722,1.47198662,0.90763058
218,25.57677098,0.100751953,0.907458931
4092,26.17886548,0.100751953,0.907326882
675,35.03213825,1.910362201,0.90725067
1482,38.72448707,1.111598262,0.907112636
1898,39.88278722,2.667307719,0.907088226
3962,25.35401748,0.100751953,0.907073586
1441,37.42643781,0.185165765,0.906839728
2520,31.47096368,0.100751953,0.906743921
3069,39.88278722,0.100751953,0.906574234
2531,33.22050862,0.100751953,0.906493111
1040,24.87603105,0.199694283,0.906484899
4877,39.88278722,8.278384646,0.906378455
3656,33.94425042,0.100751953,0.906361718
120,20.72320761,0.100751953,0.906337428
3164,39.88278722,0.100751953,0.906324689
2008,33.21068095,0.100751953,0.906240284
4933,39.88278722,1.504132663,0.90622513
915,37.47663429,0.100751953,0.906176989
1730,30.97607303,0.100751953,0.905927105
4671,34.4060688,0.100751953,0.90590901
3040,30.28594865,0.100751953,0.905866053
2853,27.70764888,0.100751953,0.905821794
2596,22.19914672,0.100751953,0.90572472
3737,25.79554264,0.100751953,0.905542892
4889,22.13046004,0.100751953,0.905314959
757,21.66536271,0.100751953,0.905055676
2279,39.88278722,0.100751953,0.904745174
2451,24.49707906,0.100751953,0.904703218
3777,27.90773347,0.121505347,0.904549584
1891,24.37000241,0.100751953,0.904401227
2881,27.08698644,0.667961451,0.904134345
3964,35.14726026,22.72762589,0.904083122
1861,20.72320761,0.100751953,0.904061282
589,35.0414803,2.148756777,0.903844311
853,22.32477313,2.212279159,0.903783206
3352,23.58824941,0.100751953,0.903770345
4880,20.72320761,0.100751953,0.903724886
90,20.72320761,0.100751953,0.903657249
4483,29.7752589,0.100751953,0.903616684
1369,37.77575875,0.100751953,0.903611719
1769,35.507339,0.100751953,0.903607007
1936,32.49235786,0.100751953,0.90347521
2145,27.23304065,0.100751953,0.903473213
3647,39.88278722,0.100751953,0.903195575
3490,25.12175007,0.100751953,0.903077421
4257,35.8682732,0.100751953,0.902918911
2591,23.17417936,1.550666893,0.9028598
1533,31.4867092,0.100751953,0.90285468
251,39.88278722,0.100751953,0.902677195
2314,26.73984759,0.100751953,0.902607878
2801,27.67607814,0.100751953,0.902536494
845,25.31585127,0.100751953,0.902510805
2918,35.55389888,0.100751953,0.902493712
1817,38.49633121,0.100751953,0.902282677
695,35.84010478,0.522433297,0.90213905
2105,36.10251618,18.54996385,0.902035743
3147,31.55439143,1.571063332,0.902001793
1021,26.09451497,0.100751953,0.901813657
83,32.15005955,0.100751953,0.90177148
966,30.63615204,1.971835842,0.901743893
85,25.84729414,0.100751953,0.90169956
2759,35.61956876,0.161219412,0.901649633
1689,20.72320761,0.100751953,0.901533224
560,23.57525061,0.100751953,0.901485062
4727,31.29293669,0.100751953,0.900522288
2727,39.05532487,0.100751953,0.900326237
4598,20.72320761,0.100751953,0.900303408
491,20.72320761,0.100751953,0.900002894
624,31.13856886,0.100751953,0.899982369
4547,20.72320761,0.100751953,0.899633605
2576,39.88278722,0.100751953,0.899256568
2368,36.76308876,2.192563121,0.898895924
4799,39.88278722,0.100751953,0.898783256
1824,28.67484774,0.100751953,0.898711572
434,31.086097,0.100751953,0.898681719
1931,27.03968298,0.100751953,0.898641934
1361,29.59821978,1.466325858,0.898317197
1472,28.77025604,0.693413961,0.898275097
4744,36.88210983,0.100751953,0.898176423
4144,34.61015226,0.100751953,0.898101155
496,23.28338428,1.027349879,0.897809875
4674,20.72320761,0.100751953,0.897770639
562,20.72320761,0.100751953,0.897678573
805,36.58184196,1.948863066,0.897495208
2384,38.24184243,0.100751953,0.897309816
2212,34.6419286,0.100751953,0.897252267
3377,25.89607957,0.100751953,0.896951967
1142,23.89437727,0.753095875,0.896876376
3646,28.77113934,0.100751953,0.896810758
1662,25.31038078,0.100751953,0.896682409
1642,25.66516711,0.100751953,0.896485427
3884,29.01391556,0.100751953,0.896348366
3347,34.0139192,0.100751953,0.895988382
1932,21.54870076,0.100751953,0.895891592
4278,33.00825644,0.100751953,0.895664141
2421,27.04663972,13.72987393,0.895507189
2471,26.24869041,0.100751953,0.895345001
4902,23.47440253,0.429436724,0.895122648
2303,21.2157913,0.100751953,0.894990087
3505,20.72320761,0.100751953,0.894949437
2295,39.88278722,0.237914532,0.894661651
3298,39.88278722,0.100751953,0.894479639
936,32.7730109,0.100751953,0.894394391
764,30.50764242,0.100751953,0.894218164
3512,27.83645858,0.283131496,0.894049585
4701,27.15952425,1.286489638,0.89394419
2231,30.75902187,0.100751953,0.893622234
2587,31.44168231,0.100751953,0.893128366
4124,28.1302968,0.100751953,0.892988074
4140,33.88941091,2.034616105,0.89275933
836,32.05882136,0.100751953,0.892744588
2044,20.72320761,0.100751953,0.892736211
4403,20.72320761,0.100751953,0.892648311
4200,39.47081813,2.060305524,0.892540129
4398,32.0699102,0.100751953,0.892425802
2229,31.31326862,0.100751953,0.892280672
3010,20.72320761,0.100751953,0.8920631
338,39.88278722,18.82342118,0.891993854
2369,29.04966187,0.351140792,0.891909555
4465,30.26053864,0.100751953,0.891838792
3912,29.52143098,0.100751953,0.891676905
3341,39.88278722,0.100751953,0.891149945
1699,20.72320761,0.874256372,0.891109151
1061,27.03675585,0.100751953,0.890993842
3727,27.99559987,0.100751953,0.889965658
2108,39.88278722,2.022281329,0.889897192
3068,20.72320761,0.100751953,0.889746923
3545,39.88278722,0.100751953,0.889494369
802,20.72320761,0.100751953,0.889307837
2206,32.65802903,0.100751953,0.889144545
4485,39.88278722,0.20420755,0.88840742
1078,31.02409882,0.100751953,0.888350855
161,26.54072637,0.737832474,0.888168408
4281,39.88278722,0.963765044,0.887989077
4486,20.72320761,0.100751953,0.887619739
4923,36.38990826,1.422016626,0.887158061
4255,30.35437296,0.100751953,0.886969081
3321,32.85412675,0.100751953,0.886791773
3271,28.6120012,0.100751953,0.885828115
195,25.62521642,0.100751953,0.885314057
4496,27.98578339,0.713534495,0.885089422
1491,31.5885469,0.100751953,0.884628434
2661,31.97363293,0.100751953,0.884620771
4207,34.80160848,0.100751953,0.884590158
214,28.94778874,0.661986185,0.884544401
192,29.13465941,0.100751953,0.884318256
3026,27.68374963,0.392881161,0.884297727
406,27.3364913,0.100751953,0.884284269
2321,39.88278722,0.100751953,0.884282971
1133,36.28361,0.100751953,0.883939596
1558,24.34092037,0.100751953,0.883739501
4236,33.63341267,0.100751953,0.88364424
3635,38.83721519,1.159894229,0.883430098
1733,24.77445004,21.50805654,0.882834181
2868,23.49802763,0.100751953,0.882508225
477,20.72320761,0.100751953,0.882446088
2215,31.6190237,6.773416225,0.882195133
3145,21.91006808,0.100751953,0.881979088
834,30.94703679,0.100751953,0.881750892
4904,32.98381131,25.44917203,0.881650898
3446,37.2777336,0.100751953,0.88121228
3796,20.72320761,25.44917203,0.881187584
3397,35.50754764,0.635474642,0.881169112
691,20.72320761,7.819157329,0.880794449
2045,20.72320761,0.100751953,0.880784413
3518,33.81913844,0.100751953,0.880650527
298,23.8503003,2.663608064,0.88055246
2381,34.28966889,0.100751953,0.880394406
4981,28.7796846,1.41048257,0.880362798
3896,36.23697387,0.100751953,0.879412659
3459,35.48341764,0.100751953,0.879272315
896,32.99595674,0.100751953,0.879076718
4650,29.98694957,0.888182513,0.87865518
2890,28.14354572,25.44917203,0.878347241
311,39.88278722,2.001313394,0.877394416
3670,39.88278722,0.701548611,0.877308823
4246,22.7038157,0.527279435,0.877124792
3961,20.72320761,0.685574944,0.87645997
1743,28.74996067,0.100751953,0.876177185
4623,20.72320761,1.245876117,0.875951029
1018,37.47560214,6.271375727,0.875521483
799,21.12182334,0.100751953,0.875516473
4307,28.96244137,0.100751953,0.874929128
949,28.94865914,2.612650985,0.874493272
647,32.62547472,1.060551372,0.874280046
1536,20.72320761,0.100751953,0.873998176
461,35.50899903,0.616361201,0.873546971
4299,28.56384414,0.100751953,0.872856896
73,26.74921317,24.09373631,0.871927534
1313,39.32104502,25.44917203,0.871830904
3870,33.77049728,0.89775315,0.871666085
555,20.72320761,0.100751953,0.871265229
2552,36.08918487,0.100751953,0.870819748
971,39.21655881,0.569099301,0.87061511
3797,35.265244,2.068648098,0.870507717
2087,31.45675271,0.100751953,0.86986552
3665,34.63826438,13.87736775,0.86968179
4339,39.88278722,0.100751953,0.869352104
3172,39.88278722,1.176376563,0.869217929
480,20.72320761,0.525243468,0.868514694
2317,32.66670357,25.44917203,0.868465681
3316,21.09973407,0.100751953,0.867994396
4507,31.89352968,1.042502491,0.867143074
2063,39.88278722,0.100751953,0.866809919
940,33.5836132,0.556054365,0.866019923
4860,31.93936064,0.100751953,0.865761077
1001,27.69354863,0.100751953,0.865289589
3237,28.11373048,0.100751953,0.865157922
3716,36.84139413,2.25349844,0.864508215
3753,20.72320761,0.737713056,0.864207384
51,32.884474,0.100751953,0.864196625
88,26.79937641,0.100751953,0.8639674
3571,30.16437403,0.100751953,0.863940344
2497,31.42801267,0.20908927,0.863712626
2994,39.88278722,0.32020614,0.863486797
2441,20.80756371,0.100751953,0.862668614
2163,37.1083575,0.100751953,0.862376091
3184,23.21682123,0.100751953,0.861648437
3525,25.24728825,1.683497913,0.861398671
1074,20.72320761,13.2053787,0.861007763
4813,28.71344869,2.257116911,0.860484753
1529,37.41372235,0.100751953,0.860112811
737,27.39528853,0.100751953,0.859791403
818,34.21110259,1.357970498,0.858847779
4045,37.61973808,0.346475446,0.858589439
643,39.88278722,0.100751953,0.858500718
3862,32.97900113,0.464928496,0.85803259
4439,36.22140149,0.100751953,0.857886759
479,39.88278722,0.100751953,0.857203718
3148,39.88278722,0.875889225,0.856822478
1694,34.19802208,0.100751953,0.856024422
731,34.228575,0.100751953,0.855880492
3590,26.35311187,0.872441063,0.855754537
1600,22.01633901,0.100751953,0.854773243
354,20.72320761,0.100751953,0.853117075
2688,31.76975372,0.919671862,0.85217126
1004,39.88278722,0.349089545,0.851714829
1616,39.88278722,0.100751953,0.851293529
1721,39.88278722,0.100751953,0.851287842
2106,23.67037077,0.100751953,0.850640327
4505,30.60818671,0.100751953,0.850509013
3892,34.68526286,0.825983443,0.849821687
997,39.88278722,0.100751953,0.848692849
609,35.32314682,0.100751953,0.848574299
2882,25.34209332,0.224203588,0.848360976
4095,25.12114673,0.100751953,0.848355529
2194,20.72320761,0.100751953,0.84792297
254,23.73226509,0.100751953,0.844991984
4822,31.56017974,1.153752612,0.844726658
1126,39.88278722,0.180576045,0.844486666
2275,39.83673478,0.100751953,0.844305537
1090,24.81901138,0.597955344,0.843859015
933,32.79375908,0.874351706,0.843410186
4771,20.72320761,5.340963043,0.841649982
2060,39.88278722,0.591725703,0.841511
4392,25.7503125,0.100751953,0.841234386
765,35.75963293,3.843119086,0.841199385
530,34.09120889,0.100751953,0.837539021
1618,32.89383527,1.104508004,0.837500593
1443,20.72320761,11.35366495,0.836859736
1609,31.56913772,0.100751953,0.83677329
3668,34.47696875,0.100751953,0.834712087
128,38.31447304,25.44917203,0.834413659
283,21.11571009,1.541505945,0.834332314
3056,28.93248023,0.100751953,0.834295816
4995,31.11908153,12.23714209,0.83277968
2466,23.98756427,1.087438676,0.832716401
1811,38.89902735,0.100751953,0.832644229
4791,28.45877324,0.100751953,0.832193519
191,32.70991823,16.76290976,0.830154612
393,28.89277234,0.100751953,0.829238193
4073,20.72320761,0.100751953,0.828056728
1044,33.19429345,0.100751953,0.827930613
1500,20.72320761,1.201445919,0.823646828
1503,39.88278722,0.100751953,0.823424807
2948,39.88278722,11.9488737,0.822696544
1009,20.72320761,1.146584948,0.821431738
1391,20.72320761,0.100751953,0.820565934
4782,29.06899853,0.100751953,0.820434978
232,22.07975579,0.446641533,0.820260522
4726,29.52729264,0.100751953,0.81973888
3021,20.72320761,0.110088153,0.81942535
1048,39.88278722,0.100751953,0.818634904
3078,22.84291483,0.100751953,0.816885182
889,35.94551409,0.169677288,0.815883168
2006,29.6014519,0.100751953,0.814756574
4346,34.58357778,7.562311823,0.814498081
4588,34.41156914,1.702418866,0.812931941
794,29.3175207,0.100751953,0.811473578
577,30.15886016,0.100751953,0.810166108
2479,39.88278722,0.100751953,0.808021659
26,32.48608658,0.100751953,0.807798537
3846,20.72320761,0.100751953,0.807229591
2969,25.38937632,0.100751953,0.803465147
3333,20.72320761,0.100751953,0.803183366
4098,27.84262283,0.587928492,0.803081917
3353,34.40541213,14.53749719,0.802839744
3891,31.3609104,0.357064543,0.801252248
3350,36.51710959,1.486319769,0.800086585
4607,26.35167088,0.100751953,0.799954403
4937,39.88278722,0.100751953,0.798869978
4183,38.37738095,1.575991253,0.797232978
1684,30.37912423,0.791495078,0.797029566
307,28.52374905,1.433801498,0.795753023
903,34.85328443,0.100751953,0.792366681
4769,39.88278722,0.191721565,0.792362209
4479,39.88278722,0.910174777,0.79179543
469,33.02552438,0.100751953,0.791020273
3236,20.72320761,2.561886493,0.789473793
278,32.29162634,0.100751953,0.788894434
272,37.8368861,1.632893761,0.783867939
2602,28.32982608,0.100751953,0.77967382
3563,39.88278722,0.100751953,0.77831177
553,33.00307256,0.838468905,0.777461338
3623,34.28925766,0.100751953,0.777408168
3098,25.16132412,17.15267793,0.775260484
17,37.40062555,0.100751953,0.774706584
4643,20.72320761,1.369716248,0.773601161
3304,32.98341634,0.100751953,0.768818019
1373,37.48544893,0.100751953,0.768452848
1744,25.93012132,0.100751953,0.760855541
2854,36.96420987,0.829927874,0.759626093
1140,30.70468394,0.100751953,0.759048205
1027,33.82072159,0.100751953,0.757817836
1617,20.72320761,0.100751953,0.756327628
1483,24.80350145,0.100751953,0.753242993
602,22.32596837,18.0296082,0.752306341
1025,36.2844906,0.100751953,0.751590905
3103,22.72212475,0.100751953,0.750625784
1981,20.72320761,0.393422981,0.749664316
3338,28.91041207,0.100751953,0.744978005
977,26.45815307,25.44917203,0.740423097
660,24.12684821,0.713927347,0.740050283
4058,21.66101724,0.100751953,0.737136059
2926,27.23383292,0.100751953,0.731124472
3779,35.23622907,0.100751953,0.731114101
4720,31.79715787,0.100751953,0.730295732
3375,33.07984982,0.100751953,0.728282558
759,33.57977926,15.51250188,0.728028751
1499,29.93009306,0.100751953,0.727361315
4630,39.88278722,1.352031526,0.727331569
2839,23.40319368,2.605782976,0.724959783
4559,39.88278722,0.100751953,0.721910577
1782,30.26038527,0.201552075,0.712611546
2669,28.01931451,2.196865009,0.709729469
2763,28.92641866,0.100751953,0.70274396
3550,20.72320761,0.100751953,0.701483398
2778,20.72320761,0.100751953,0.700295157
2146,39.88278722,0.100751953,0.699964737
2804,20.72320761,0.419447863,0.697390565
3813,33.64556478,0.100751953,0.695852678
3866,31.36927347,0.100751953,0.693272993
1168,38.58534176,0.100751953,0.693176299
1632,29.83119427,0.100751953,0.688808348
1631,25.83125988,1.052745026,0.688604898
4968,20.72320761,0.100751953,0.687836813
210,39.88278722,0.100751953,0.687035978
4811,25.82839618,25.44917203,0.684924899
3248,27.13371038,0.100751953,0.679370769
1513,29.88641765,0.100751953,0.676962831
3705,20.72320761,2.088209325,0.673115534
3928,20.72320761,0.100751953,0.661040032
2940,20.72320761,0.100751953,0.660902826
4644,33.33191363,1.382102522,0.655432195
4093,33.8716596,0.100751953,0.654218996
1983,26.64650577,24.35190735,0.651681039
252,35.90641224,0.100751953,0.64960443
1292,38.67049759,25.44917203,0.64399997
3732,33.57544299,25.44917203,0.64276644
196,36.05745098,0.100751953,0.635144831
2659,38.65216658,1.952425909,0.630881665
2104,39.70050182,9.24392897,0.61498436
84,20.72320761,0.100751953,0.610907844
724,26.25731922,0.100751953,0.609912979
2370,23.28997771,0.447023735,0.60775563
1765,20.72320761,3.571415683,0.604331761
4573,27.93068671,0.100751953,0.603553615
308,20.72320761,0.100751953,0.599639917
1436,26.9734392,0.100751953,0.599629456
969,34.5133933,0.100751953,0.59826919
2468,36.71817257,0.100751953,0.596817649
3617,27.64469116,0.100751953,0.59392715
1435,24.70862985,0.100751953,0.587933604
2328,32.55774131,0.100751953,0.587435341
881,39.88278722,0.100751953,0.586960613
43,27.84239626,0.100751953,0.58469977
4054,39.88278722,0.100751953,0.580088031
3778,25.81376553,2.791996465,0.574397211
4023,36.36250642,0.100751953,0.568504434
4932,29.2412055,25.44917203,0.549172526
2095,37.20416355,0.100751953,0.543787157
3575,34.74213831,2.089839539,0.529970783
549,39.88278722,2.201798207,0.529899044
1108,30.92110104,0.100751953,0.525139071
625,22.22214369,0.100751953,0.520771723
1876,36.7433861,0.100751953,0.520284281
4734,39.88278722,0.100751953,0.518541158
